time	date	Ageing	Aids	Animal Welfare	Bird Flu	BSE	Coal Pits	EU	Countryside	Crime	Defence	Drug Abuse	Economy	Education	Farming	German Reunification	GM foods	Housing	Inflation/Prices	Inner Cities	Local Govt	Low Pay	Morality	NHS	Northern Ireland	Nuclear Power	Nuclear Weapons	Pensions	Fuel Prices	Environment	The Pound	Poverty/Inequality	Privatisation	Public Services	Immigration	Scots/Welsh Assembly	Taxation	Trade Unions	Transport	Tsunami	Unemployment
0	19740901	7.0	1.0	1.0				7.0	1.0	15.0	5.0	4.0	52.0	13.0				9.0	14		2.0	6.0	7.0	27.0			1.0	10.0	7.0	3.0	1	11.0	1.0	6.0	29.0	1.0	6.0		3.0		28
1	19741001	4.0	1.0	1.0				9.0	1.0	14.0	9.0	4.0	52.0	14.0				11.0	13		3.0	8.0	7.0	19.0			1.0	11.0	4.0	4.0	1	14.0	1.0	5.0	26.0	1.0	4.0		3.0		27
2	19771101	8.0		1.0				6.0	2.0	18.0	4.0	5.0	52.0	12.0				9.0	14		3.0	7.0	7.0	21.0			1.0	10.0	4.0	5.0	1	11.0	1.0	5.0	22.0	1.0	2.0		2.0		23
3	19780801	6.0		1.0				6.0	1.0	19.0	5.0	3.0	55.0	11.0				11.0	17		3.0	7.0	7.0	15.0			1.0	8.0	5.0	4.0	1	13.0	1.0	5.0	22.0	1.0	4.0		2.0		30
4	19790201	6.0		1.0				6.0	2.0	17.0	6.0	3.0	55.0	14.0				10.0	16		4.0	8.0	7.0	20.0				9.0	5.0	5.0	1	13.0	1.0	4.0	19.0	1.0	2.0		4.0		33
5	19790401	9.0		1.0				5.0	3.0	18.0	6.0	5.0	52.0	10.0	1.0			10.0	17		4.0	8.0	6.0	19.0			1.0	9.0	6.0	6.0	2	11.0	1.0	5.0	21.0	1.0	2.0	1.0	4.0		32
6	19800201	6.0		1.0				3.0	1.0	17.0	5.0	5.0	54.0	13.0	1.0			11.0	17		5.0	8.0	8.0	20.0				8.0	7.0	2.0	1	12.0	2.0	5.0	20.0	1.0	4.0		5.0		34
7	19800401	6.0						5.0	1.0	14.0	7.0	4.0	61.0	11.0				8.0	15		4.0	5.0	9.0	18.0			1.0	8.0	4.0	3.0	2	10.0	1.0	6.0	23.0	1.0	4.0		5.0		35
8	19820901	6.0		1.0				5.0	1.0	18.0	9.0	4.0	59.0	14.0				7.0	14		3.0	7.0	8.0	22.0			1.0	10.0	6.0	4.0	2	11.0	2.0	4.0	26.0	1.0	5.0	1.0	4.0		34
9	19821001	4.0	1.0					8.0	1.0	14.0	7.0	3.0	58.0	11.0				7.0	15		3.0	6.0	7.0	16.0				7.0	4.0	3.0	2	10.0	2.0	4.0	19.0	1.0	3.0	1.0	4.0		37
10	19821101	7.0	1.0	1.0				6.0	1.0	15.0	6.0	3.0	61.0	13.0				6.0	19		3.0	8.0	8.0	16.0			1.0	9.0	8.0	3.0	2	9.0	1.0	3.0	20.0	1.0	4.0	1.0	4.0		34
11	19830301	6.0	1.0	2.0				4.0	1.0	20.0	9.0	6.0	55.0	15.0				8.0	18		3.0	7.0	6.0	20.0			1.0	8.0	15.0	3.0	1	10.0	2.0	4.0	21.0	1.0	5.0		3.0		40
12	19830401	4.0		1.0				5.0	1.0	18.0	9.0	4.0	57.0	13.0				6.0	12		2.0	5.0	7.0	22.0			1.0	7.0	13.0	3.0	2	8.0	1.0	3.0	23.0	2.0	3.0		4.0		36
13	19830601	4.0		1.0				7.0	1.0	20.0	9.0	4.0	64.0	13.0				6.0	12		2.0	6.0	6.0	22.0			1.0	8.0	6.0	2.0	1	7.0		4.0	24.0	2.0	2.0		2.0		38
14	19830701	5.0						9.0	2.0	21.0	7.0	5.0	61.0	13.0				8.0	12		3.0	6.0	7.0	17.0			1.0	7.0	6.0	3.0	1	10.0	1.0	3.0	20.0	1.0	3.0	1.0	3.0		33
15	19830801	4.0		1.0				7.0	2.0	19.0	8.0	5.0	66.0	15.0				7.0	15		2.0	6.0	7.0	17.0			1.0	10.0	8.0	4.0	2	10.0	1.0	5.0	22.0	1.0	4.0	1.0	3.0		33
16	19830901	5.0		1.0				8.0	2.0	23.0	9.0	6.0	62.0	15.0				6.0	15		2.0	4.0	7.0	16.0			1.0	8.0	9.0	4.0	2	8.0		3.0	23.0		4.0		2.0	 	32
17	19831001	3.0		1.0				4.0	1.0	24.0	10.0	5.0	68.0	16.0				6.0	12		3.0	4.0	5.0	21.0	1.0		1.0	7.0	5.0	3.0	2	9.0	1.0	5.0	24.0	1.0	3.0	1.0	2.0		30
18	19840101	5.0		1.0				3.0	1.0	29.0	13.0	7.0	59.0	16.0				9.0	13		2.0	7.0	11.0	17.0			1.0	8.0	6.0	4.0	1	9.0	1.0	6.0	21.0	1.0	4.0		2.0		30
19	19840201	5.0		1.0				4.0	1.0	31.0	11.0	5.0	61.0	16.0				6.0	15		3.0	3.0	6.0	17.0				9.0	5.0	3.0	2	8.0	1.0	4.0	23.0		3.0		2.0		26
20	19840301	8.0	1.0	1.0				4.0	1.0	17.0	13.0	3.0	57.0	15.0				5.0	15		1.0	5.0	6.0	19.0			1.0	10.0	7.0	5.0	1	8.0	1.0	5.0	27.0		4.0	1.0	1.0		29
21	19840401	6.0						3.0	1.0	22.0	15.0	4.0	51.0	14.0				8.0	14		3.0	6.0	6.0	26.0			1.0	8.0	7.0	5.0	2	7.0	1.0	5.0	31.0	1.0	4.0		2.0		28
22	19840601	3.0		1.0				3.0	2.0	17.0	18.0	3.0	55.0	20.0				8.0	11		2.0	4.0	6.0	26.0			2.0	7.0	11.0	3.0	2	6.0	1.0	6.0	26.0	1.0	4.0		3.0		27
23	19840801	4.0		1.0				2.0	2.0	22.0	22.0	4.0	62.0	14.0				5.0	16		3.0	5.0	5.0	20.0			2.0	9.0	9.0	4.0	1	7.0	1.0	6.0	17.0		6.0		3.0		24
24	19840901	4.0			1.0			4.0	1.0	18.0	16.0	4.0	54.0	17.0				6.0	18		4.0	5.0	6.0	19.0			1.0	6.0	15.0	4.0	2	8.0	2.0	5.0	26.0	1.0	7.0	1.0	3.0		25
25	19841001			1.0	1.0			3.0	1.0	23.0	12.0	5.0	60.0	16.0				6.0	16		3.0	5.0	5.0	19.0			1.0	6.0	8.0	5.0	3	6.0	2.0	6.0	25.0		6.0		2.0		28
26	19841101				2.0			4.0		22.0	14.0	6.0	60.0	21.0				6.0	14		4.0	5.0	7.0	19.0	1.0		2.0	7.0	8.0	7.0	2	8.0	1.0	6.0	26.0	1.0	7.0	1.0	2.0		27
27	19841201							3.0	1.0	18.0	15.0	5.0	61.0	21.0				7.0	12		4.0	6.0	6.0	18.0			1.0	9.0	4.0	4.0	2	9.0	1.0	6.0	25.0	1.0	4.0	1.0	2.0		27
28	19850101		1.0	1.0				4.0	1.0	23.0	17.0	4.0	54.0	15.0			1.0	8.0	11		3.0	5.0	6.0	18.0			1.0	11.0	2.0	5.0	2	7.0		6.0	27.0		6.0		1.0		28
29	19850201			1.0				2.0	1.0	23.0	16.0	6.0	59.0	18.0	1.0			5.0	11		4.0	5.0	7.0	21.0	1.0		1.0	10.0	3.0	6.0	2	8.0	1.0	6.0	27.0		5.0		2.0		29
30	19850301			1.0				2.0	1.0	24.0	12.0	5.0	57.0	18.0				7.0	13		3.0	5.0	6.0	19.0			1.0	9.0	4.0	4.0		8.0	1.0	5.0	31.0		5.0		1.0		26
31	19850401			1.0				1.0	1.0	19.0	17.0	5.0	61.0	18.0				6.0	12		4.0	4.0	6.0	18.0			1.0	10.0	3.0	6.0	2	7.0	1.0	5.0	30.0		4.0	1.0	2.0		24
32	19850501							2.0	1.0	24.0	15.0	7.0	63.0	17.0				6.0	10		3.0	5.0	6.0	16.0			1.0	7.0	3.0	5.0	1	9.0		3.0	28.0		4.0		1.0		26
33	19850601			1.0	1.0			2.0	1.0	26.0	12.0	7.0	65.0	16.0				6.0	8		3.0	5.0	4.0	19.0			1.0	5.0	4.0	5.0	2	6.0	1.0	3.0	29.0	1.0	5.0		2.0		21
34	19850701		1.0	1.0				6.0	1.0	20.0	11.0	5.0	71.0	23.0				5.0	9		4.0	5.0	6.0	22.0			2.0	10.0	6.0	5.0	3	6.0	1.0	5.0	38.0	1.0	7.0		3.0		22
35	19850801							3.0	1.0	25.0	11.0	7.0	55.0	21.0				5.0	11		4.0	4.0	8.0	24.0			1.0	7.0	7.0	5.0	2	6.0		4.0	29.0		6.0		3.0		24
36	19850901							4.0	1.0	25.0	14.0	8.0	55.0	19.0				5.0	8		4.0	5.0	8.0	20.0			1.0	7.0	4.0	6.0	2	7.0	1.0	4.0	33.0		5.0		3.0		21
37	19851001							2.0	1.0	25.0	19.0	4.0	48.0	14.0				5.0	8		3.0	5.0	9.0	17.0			1.0	5.0	2.0	7.0	1	8.0		4.0	29.0	1.0	4.0		2.0		20
38	19851101				1.0			3.0	1.0	24.0	25.0	3.0	49.0	12.0				5.0	9		2.0	3.0	11.0	20.0			1.0	5.0	2.0	8.0	1	7.0	1.0	4.0	33.0		3.0		2.0		27
39	19851201				1.0			3.0		26.0	15.0	4.0	52.0	14.0				5.0	10		3.0	4.0	9.0	16.0			1.0	6.0	2.0	9.0	1	6.0		2.0	24.0		2.0		1.0		22
40	19860101				4.0			2.0		32.0	17.0	7.0	54.0	12.0				5.0	9		2.0	1.0	10.0	16.0				3.0	1.0	5.0	1	6.0		3.0	25.0		2.0		1.0		30
41	19860201				6.0			2.0		24.0	20.0	4.0	55.0	11.0				7.0	8		2.0	4.0	6.0	24.0				4.0	4.0	8.0	1	6.0		2.0	27.0	1.0	3.0		1.0		25
42	19860301				1.0			4.0	1.0	28.0	10.0	10.0	54.0	12.0	1.0			8.0	12		6.0	3.0	11.0	16.0			2.0	5.0	4.0	9.0	1	7.0	1.0	5.0	25.0	1.0	4.0		2.0		28
43	19860401			1.0	1.0			5.0		30.0	7.0	5.0	59.0	12.0				8.0	10		4.0	3.0	14.0	13.0			1.0	3.0	1.0	8.0	2	6.0		4.0	30.0	1.0	3.0		2.0		20
44	19860501				1.0			1.0	1.0	28.0	9.0	5.0	65.0	13.0				6.0	13		2.0	3.0	8.0	15.0			1.0	4.0	2.0	8.0	1	8.0		3.0	29.0		3.0		1.0		23
45	19860601							1.0		32.0	10.0	4.0	67.0	11.0				8.0	12		3.0	2.0	9.0	12.0			1.0	3.0	1.0	7.0	2	5.0	1.0	3.0	25.0	1.0	2.0		2.0		23
46	19860701							1.0	1.0	34.0	11.0	5.0	70.0	10.0				6.0	13		2.0	2.0	7.0	14.0			1.0	3.0	2.0	6.0	3	5.0	1.0	3.0	21.0		2.0		2.0		24
47	19860801			1.0				1.0	1.0	35.0	13.0	6.0	66.0	10.0				7.0	17		2.0	3.0	7.0	12.0			1.0	4.0	2.0	6.0	3	8.0		1.0	22.0		2.0		2.0		15
48	19860901							2.0		38.0	13.0	5.0	62.0	9.0				8.0	18		2.0	3.0	8.0	13.0			1.0	4.0	3.0	7.0	2	6.0		2.0	22.0		3.0		2.0		15
49	19861001							1.0	1.0	33.0	10.0	6.0	58.0	12.0				7.0	21		2.0	4.0	7.0	18.0				4.0	4.0	6.0	2	8.0	1.0	3.0	27.0		3.0		2.0		14
50	19861101							1.0	1.0	40.0	12.0	7.0	55.0	12.0				9.0	22		3.0	4.0	7.0	17.0			1.0	5.0	8.0	8.0	1	7.0	1.0	3.0	27.0	1.0	6.0		1.0		11
51	19861201		1.0	1.0	1.0			3.0	1.0	47.0	15.0	7.0	41.0	12.0				13.0	26		3.0	4.0	9.0	15.0			1.0	4.0	10.0	7.0		6.0		2.0	25.0	1.0	5.0		2.0		7
52	19870101		1.0	1.0				3.0	2.0	39.0	15.0	6.0	42.0	13.0				11.0	23		2.0	3.0	6.0	16.0			1.0	4.0	15.0	7.0	1	8.0		2.0	26.0		7.0		2.0		9
53	19870201		1.0	1.0				4.0	2.0	38.0	20.0	6.0	32.0	16.0			1.0	12.0	22		2.0	4.0	6.0	19.0			1.0	7.0	16.0	9.0	1	7.0	1.0	3.0	30.0		9.0		2.0		6
54	19870301		1.0	1.0				2.0	1.0	41.0	13.0	6.0	34.0	13.0				15.0	21		2.0	5.0	7.0	19.0			1.0	7.0	9.0	8.0	1	8.0	1.0	4.0	37.0	1.0	9.0		2.0		6
55	19870401		1.0	1.0				4.0	1.0	35.0	20.0	8.0	33.0	14.0				13.0	11		3.0	4.0	7.0	23.0			1.0	6.0	6.0	7.0	1	7.0	1.0	3.0	42.0	1.0	11.0		2.0		6
56	19870701							3.0	1.0	40.0	17.0	7.0	23.0	17.0				10.0	11		4.0	4.0	9.0	24.0			2.0	6.0	6.0	10.0	1	7.0	1.0	4.0	44.0	1.0	11.0		3.0		6
57	19870801		1.0	1.0				3.0	1.0	50.0	16.0	8.0	18.0	17.0				12.0	9		3.0	4.0	10.0	25.0			1.0	6.0	4.0	7.0	1	5.0		3.0	44.0		8.0		3.0		6
58	19870901		1.0	1.0	1.0			2.0	1.0	47.0	20.0	7.0	20.0	18.0				9.0	8		3.0	4.0	8.0	33.0			1.0	5.0	5.0	8.0	1	5.0	1.0	3.0	40.0	1.0	7.0		4.0	0	9
59	19871001		2.0	2.0	1.0			4.0	2.0	37.0	21.0	6.0	13.0	21.0	1.0			15.0	6		2.0	4.0	8.0	33.0			2.0	6.0	6.0	10.0	1	6.0	1.0	4.0	46.0		7.0	1.0	4.0		7
60	19871101		2.0	2.0	1.0			6.0	1.0	38.0	20.0	9.0	11.0	19.0				12.0	5		2.0	3.0	7.0	40.0			1.0	6.0	2.0	6.0		5.0		3.0	41.0		8.0		3.0	0	6
61	19871201		1.0	1.0	1.0			4.0	1.0	41.0	22.0	7.0	10.0	17.0	1.0			11.0	4		2.0	4.0	7.0	36.0			1.0	6.0		7.0	0	3.0	1.0	3.0	43.0		8.0		2.0		8
62	19880101		1.0	1.0	1.0			3.0		55.0	25.0	8.0	9.0	19.0	1.0		1.0	9.0	3		2.0	2.0	9.0	26.0			2.0	5.0	1.0	8.0	-	6.0		4.0	35.0	1.0	6.0		3.0	0	7
63	19880201							3.0	1.0	35.0	39.0	7.0	7.0	22.0				16.0	3		2.0	3.0	8.0	30.0			2.0	6.0	1.0	9.0		5.0	1.0	3.0	40.0	1.0	7.0		3.0		7
64	19880301		1.0	1.0	1.0			4.0	2.0	35.0	27.0	6.0	10.0	22.0				10.0	3		3.0	2.0	7.0	37.0			2.0	8.0	1.0	13.0		6.0	1.0	3.0	40.0	1.0	6.0		3.0		8
65	19880401							3.0	1.0	36.0	27.0	7.0	9.0	23.0				11.0	3		3.0	3.0	6.0	37.0			2.0	7.0	1.0	10.0		5.0	1.0	3.0	38.0	1.0	6.0		3.0	0	7
66	19880501		1.0	1.0				2.0	1.0	40.0	27.0	9.0	10.0	19.0				10.0	5		3.0	2.0	8.0	36.0			1.0	8.0	1.0	12.0		5.0	1.0	4.0	36.0		9.0	1.0	4.0		8
67	19880601		1.0	1.0				7.0	2.0	37.0	36.0	11.0	14.0	22.0			1.0	8.0	7		4.0	3.0	6.0	27.0			3.0	8.0	2.0	19.0	1	4.0		3.0	25.0		7.0		2.0		6
68	19880701		1.0	1.0				3.0	1.0	33.0	35.0	5.0	9.0	21.0				7.0	4		1.0	2.0	6.0	32.0			2.0	10.0	2.0	13.0		5.0	1.0	3.0	38.0	1.0	9.0		3.0	1	6
69	19880801		1.0	1.0				3.0	1.0	32.0	40.0	6.0	9.0	18.0				6.0	4		3.0	2.0	6.0	31.0			1.0	7.0	2.0	11.0		5.0	1.0	3.0	38.0		8.0		2.0	1	6
70	19880901							3.0	2.0	30.0	37.0	5.0	8.0	20.0	1.0		1.0	5.0	2		2.0	2.0	5.0	38.0			3.0	7.0	1.0	8.0		5.0	1.0	2.0	40.0		7.0		3.0		6
71	19881001		1.0	1.0	1.0			3.0	1.0	26.0	38.0	6.0	8.0	19.0			1.0	8.0	3		3.0	2.0	4.0	32.0			2.0	7.0	3.0	10.0	1	4.0		2.0	45.0		7.0		2.0		5
72	19881101							3.0	1.0	37.0	36.0	4.0	9.0	20.0				6.0	3		2.0	1.0	5.0	35.0			2.0	10.0	6.0	10.0		7.0		3.0	38.0	1.0	7.0		2.0		6
73	19881201							3.0	2.0	41.0	25.0	5.0	8.0	19.0			1.0	7.0	2		2.0	2.0	6.0	35.0			2.0	10.0	3.0	10.0	1	5.0	1.0	2.0	35.0	1.0	6.0		3.0		6
74	19890101							3.0	1.0	36.0	27.0	5.0	10.0	25.0				5.0	3		2.0	2.0	5.0	38.0			1.0	20.0	4.0	12.0		5.0		2.0	41.0		5.0		2.0		6
75	19890201				2.0			3.0	2.0	30.0	23.0	3.0	9.0	28.0				6.0	2		2.0	2.0	5.0	47.0			1.0	12.0	5.0	11.0		5.0		3.0	35.0		7.0		3.0		7
76	19890301				1.0			3.0	2.0	26.0	29.0	5.0	9.0	28.0				6.0	2		3.0	2.0	6.0	37.0			2.0	13.0	2.0	9.0		8.0		3.0	30.0		8.0		3.0	0	5
77	19890401							3.0	1.0	28.0	34.0	6.0	11.0	25.0				6.0	2		3.0	2.0	5.0	33.0			2.0	13.0	3.0	8.0		6.0			30.0	1.0	7.0		3.0		9
78	19890501							4.0	2.0	36.0	26.0	7.0	10.0	28.0				6.0	2		3.0	2.0	7.0	30.0			2.0	11.0	4.0	9.0		7.0	1.0	2.0	28.0		7.0		3.0		7
79	19890601							3.0	1.0	34.0	41.0	7.0	13.0	27.0			1.0	4.0	2		3.0	1.0	5.0	29.0			1.0	14.0	1.0	6.0		4.0	1.0	2.0	25.0		9.0		3.0		7
80	19890701		1.0	1.0				5.0	1.0	31.0	31.0	6.0	10.0	26.0				6.0	2		4.0	1.0	5.0	34.0			1.0	12.0	3.0	6.0		6.0		3.0	30.0		7.0		4.0	1	6
81	19890801							5.0	1.0	25.0	46.0	5.0	11.0	21.0				5.0	3		3.0	2.0	7.0	28.0			2.0	10.0	5.0	6.0		6.0		2.0	32.0		8.0		4.0		7
82	19890901							4.0	1.0	24.0	56.0	4.0	13.0	19.0				6.0	2		2.0	1.0	4.0	28.0			1.0	8.0	4.0	4.0		7.0		1.0	35.0		4.0		3.0		7
83	19891001							7.0	1.0	25.0	58.0	3.0	10.0	20.0				5.0	1		2.0	2.0	5.0	29.0			1.0	8.0	2.0	7.0		7.0		2.0	32.0		6.0		5.0	1	8
84	19891101							19.0	1.0	30.0	16.0	4.0	11.0	24.0				6.0	2		2.0	1.0	4.0	36.0			1.0	11.0	1.0	7.0		7.0		2.0	33.0		8.0		5.0	1	8
85	19891201							9.0	1.0	40.0	14.0	7.0	11.0	26.0				8.0	2		3.0	1.0	10.0	36.0			1.0	14.0	2.0	6.0		5.0		3.0	27.0		8.0		4.0		7
86	19900101							5.0	2.0	29.0	24.0	6.0	12.0	30.0	1.0		1.0	9.0	2		3.0	2.0	6.0	44.0			1.0	13.0	2.0	4.0		8.0		3.0	33.0		6.0		4.0		8
87	19900201							8.0	1.0	29.0	25.0	5.0	10.0	26.0				7.0	2		3.0	2.0	6.0	38.0			1.0	14.0	1.0	6.0		7.0	1.0	3.0	40.0		7.0		4.0		8
88	19900301							7.0	2.0	26.0	34.0	5.0	10.0	24.0			1.0	8.0	2		3.0	2.0	6.0	34.0			2.0	11.0	1.0	5.0	1	8.0	1.0	3.0	26.0		8.0		4.0	3	7
89	19900401							6.0	1.0	30.0	40.0	5.0	10.0	25.0				6.0	2		2.0	2.0	6.0	33.0			2.0	13.0	2.0	4.0		7.0	1.0	4.0	25.0		9.0		7.0		6
90	19900501		1.0	1.0				9.0	1.0	27.0	47.0	6.0	10.0	22.0			1.0	5.0	2		1.0	2.0	5.0	32.0			2.0	12.0	2.0	5.0	1	6.0	1.0	3.0	24.0		6.0		6.0		6
91	19900601							7.0	2.0	28.0	47.0	7.0	11.0	26.0				7.0	3		2.0	1.0	4.0	36.0			2.0	20.0	1.0	3.0	1	5.0		3.0	25.0		9.0		4.0		7
92	19900701							8.0	1.0	27.0	36.0	6.0	10.0	29.0			1.0	7.0	3		3.0	2.0	5.0	34.0			1.0	15.0	2.0	4.0	1	4.0		4.0	26.0		8.0		5.0		8
93	19900801							9.0		28.0	38.0	6.0	10.0	23.0			1.0	6.0	4		4.0	1.0	4.0	34.0			2.0	8.0	3.0	4.0		3.0	1.0	2.0	30.0		8.0		6.0		7
94	19900901							11.0	1.0	28.0	34.0	4.0	10.0	27.0			1.0	7.0	2		3.0	2.0	4.0	40.0			2.0	12.0	2.0	2.0	1	5.0	1.0	5.0	31.0		9.0		8.0		7
95	19901001							16.0	1.0	20.0	35.0	5.0	7.0	28.0			1.0	7.0	2		1.0	1.0	4.0	44.0			1.0	10.0	3.0	3.0	1	4.0		3.0	28.0		5.0		7.0		6
96	19901101							17.0	1.0	21.0	47.0	6.0	9.0	25.0			1.0	8.0	3		3.0	2.0	4.0	34.0			3.0	9.0	3.0	4.0		5.0		3.0	30.0		8.0		7.0		7
97	19901201		1.0	1.0				9.0	1.0	19.0	47.0	3.0	9.0	29.0				8.0	2		2.0	2.0	4.0	34.0			4.0	10.0	1.0	2.0		6.0		3.0	36.0		7.0		5.0		7
98	19910101							5.0	1.0	22.0	41.0	6.0	11.0	27.0			2.0	6.0	3		4.0	2.0	7.0	35.0			2.0	12.0		4.0		6.0	1.0	5.0	31.0	1.0	10.0		7.0		8
99	19910201							7.0	1.0	26.0	28.0	6.0	9.0	33.0			1.0	5.0	2		4.0	2.0	5.0	37.0			3.0	13.0	1.0	3.0	1	5.0	1.0	3.0	35.0	1.0	10.0		6.0		8
100	19910301							9.0	2.0	23.0	26.0	4.0	10.0	32.0			1.0	6.0	2		4.0	2.0	4.0	36.0			3.0	13.0	1.0	4.0		5.0	1.0	4.0	29.0	1.0	11.0		9.0		8
101	19910401		1.0	1.0				12.0	1.0	22.0	26.0	5.0	12.0	33.0				5.0	2		4.0	2.0	4.0	41.0			4.0	11.0	1.0	4.0		6.0	1.0		29.0	1.0	10.0		8.0		7
102	19910501		1.0	1.0				7.0	1.0	29.0	40.0	4.0	11.0	27.0				5.0	2		3.0	2.0	6.0	46.0			3.0	10.0	1.0	2.0	1	5.0	1.0		26.0		7.0	1.0	7.0		8
103	19910601		1.0	1.0				12.0	1.0	25.0	21.0	6.0	10.0	26.0			1.0	5.0	2		2.0	2.0	4.0	40.0	1.0		2.0	11.0	1.0	2.0		5.0	1.0		34.0		8.0		8.0		7
104	19910701		1.0	1.0				13.0	1.0	24.0	37.0	6.0	14.0	28.0			1.0	7.0	2		2.0	3.0	5.0	40.0			4.0	12.0	1.0	2.0		5.0			29.0		6.0	1.0	7.0		9
105	19910801							9.0	1.0	24.0	20.0	6.0	12.0	33.0				7.0	3		3.0	3.0	5.0	45.0			4.0	10.0	1.0	2.0	1	6.0	1.0		35.0		6.0		10.0		10
106	19910901		1.0	1.0		1.0		11.0	1.0	26.0	24.0	4.0	9.0	33.0			1.0	6.0	2		1.0	2.0	6.0	43.0			4.0	11.0	1.0	4.0	1	6.0	1.0		29.0	1.0	4.0	1.0	9.0		10
107	19911001							26.0	1.0	22.0	21.0	6.0	10.0	27.0			1.0	6.0	3		3.0	1.0	5.0	41.0			2.0	9.0	1.0	3.0	1	6.0			29.0		6.0		9.0		7
108	19911101							22.0	1.0	25.0	24.0	5.0	13.0	30.0				5.0	2		2.0	3.0	3.0	39.0	1.0		3.0	10.0	1.0	2.0	1	6.0			33.0		6.0		5.0		8
109	19911201							7.0	2.0	19.0	26.0	5.0	15.0	32.0	1.0			5.0	2		2.0	2.0	3.0	49.0			3.0	9.0	1.0	3.0		7.0	1.0		27.0		7.0		6.0		10
110	19920101							5.0	1.0	18.0	64.0	2.0	13.0	27.0				5.0	3		2.0	2.0	3.0	42.0			9.0	9.0	1.0	2.0		5.0			26.0		7.0	2.0	9.0		8
111	19920201							4.0	1.0	20.0	69.0	5.0	10.0	27.0				6.0	2		1.0	4.0	4.0	44.0			11.0	11.0	2.0	2.0	1	5.0	1.0		27.0		5.0	1.0	11.0		9
112	19920401							5.0	1.0	21.0	64.0	6.0	12.0	27.0	1.0			4.0	3		2.0	3.0	4.0	35.0			9.0	6.0	1.0	1.0	0	5.0	1.0		34.0		3.0	2.0	6.0		6
113	19920501		1.0	1.0				8.0	1.0	23.0	35.0	6.0	12.0	29.0				6.0	4		1.0	5.0	4.0	38.0			7.0	13.0	1.0	2.0	1	7.0	1.0		23.0		5.0	4.0	12.0		9
114	19920601		1.0	1.0				8.0	1.0	30.0	40.0	6.0	10.0	29.0				6.0	3		2.0	5.0	5.0	42.0			10.0	12.0		3.0	1	6.0	1.0		18.0		3.0	11.0	8.0		9
115	19920701		1.0	1.0				8.0	1.0	28.0	35.0	7.0	7.0	32.0	1.0			6.0	4		2.0	4.0	3.0	45.0	3.0		8.0	9.0	1.0	2.0	1	6.0	1.0		18.0		4.0	2.0	11.0		10
116	19920801		1.0	1.0		1.0		8.0	3.0	28.0	34.0	7.0	10.0	34.0	1.0		1.0	6.0	2		1.0	2.0	5.0	41.0	1.0		9.0	9.0	1.0	2.0	1	9.0	1.0		21.0		4.0	1.0			8
117	19920901		1.0					11.0	2.0	31.0	10.0	9.0	12.0	37.0				8.0	3		1.0	3.0	4.0	55.0			2.0	11.0	1.0	2.0	1	4.0	1.0		22.0	1.0	3.0	1.0			10
118	19921001							14.0	1.0	31.0	13.0	10.0	9.0	29.0			1.0	7.0	2		1.0	2.0	4.0	54.0	1.0		2.0	11.0	1.0	4.0	1	5.0			32.0	1.0	4.0		17.0		10
119	19921101							14.0	3.0	34.0	13.0	13.0	8.0	32.0	1.0		1.0	7.0	1		1.0	2.0	5.0	50.0			3.0	9.0	1.0	3.0	2	4.0			39.0		3.0		16.0		6
120	19921201							10.0	1.0	29.0	19.0	6.0	8.0	28.0	1.0			5.0	1		2.0	3.0	6.0	66.0	1.0		2.0	9.0	2.0	4.0	1	6.0	1.0		13.0		5.0		12.0		8
121	19930101		1.0	1.0				11.0	1.0	37.0	18.0	7.0	8.0	30.0	1.0			4.0	2		1.0	2.0	4.0	58.0	1.0		3.0	10.0	1.0	3.0	1	7.0	1.0		15.0		2.0		14.0		8
122	19930201			1.0				13.0	1.0	28.0	11.0	5.0	7.0	28.0	1.0			4.0	2		2.0	1.0	4.0	72.0			1.0	10.0	1.0	3.0	1	5.0			18.0		6.0		18.0		10
123	19930301							13.0	1.0	23.0	13.0	5.0	12.0	32.0	2.0			3.0	2		2.0	2.0	4.0	66.0	2.0		2.0	6.0	2.0	2.0	2	6.0	2.0		16.0		3.0		22.0		9
124	19930401					1.0		19.0	2.0	19.0	40.0	4.0	15.0	29.0	2.0			5.0	1		2.0	2.0	3.0	49.0	2.0		2.0	8.0	2.0	2.0		4.0			12.0		2.0		10.0		14
125	19930501					1.0		7.0	1.0	14.0	57.0	3.0	12.0	31.0	3.0			4.0	2		2.0	3.0	4.0	49.0	2.0		3.0	7.0		2.0	1	5.0	1.0		17.0		2.0		8.0		12
126	19930601					1.0		9.0	1.0	15.0	60.0	4.0	15.0	30.0	3.0			4.0	2		1.0	2.0	2.0	43.0	1.0		4.0	7.0	2.0	3.0	1	4.0	1.0		27.0		3.0		5.0		11
127	19930701					2.0		22.0	2.0	22.0	2.0	4.0	13.0	35.0	7.0			6.0	2		2.0	3.0	4.0	54.0	1.0			8.0	3.0	4.0	1	5.0	1.0		23.0		5.0		9.0		13
128	19930801					1.0		20.0	3.0	32.0	2.0	5.0	12.0	34.0	4.0			6.0	2		2.0	2.0	4.0	52.0			1.0	10.0	3.0	8.0	1	6.0			17.0		5.0		11.0		11
129	19930901					1.0		24.0	2.0	29.0	2.0	9.0	10.0	44.0	7.0			6.0	2		1.0	2.0	4.0	58.0			1.0	11.0	4.0	6.0	2	6.0			14.0		4.0		11.0		10
130	19931001					4.0		14.0	3.0	19.0	3.0	6.0	10.0	32.0	41.0			5.0	1		1.0	2.0	3.0	41.0				8.0	7.0	5.0		6.0			16.0		4.0		4.0		12
131	19931101					5.0		17.0	3.0	16.0	1.0	5.0	9.0	29.0	49.0			4.0	2		1.0	2.0	2.0	37.0				8.0	4.0	4.0	1	5.0			10.0		5.0		6.0		10
132	19931201					1.0		23.0	1.0	25.0	5.0	5.0	11.0	37.0				7.0	2		1.0	3.0	3.0	48.0			1.0	11.0	8.0	5.0	1	6.0			18.0		7.0		9.0		12
133	19940101					1.0		21.0	2.0	30.0	3.0	6.0	11.0	32.0				6.0	3		2.0	3.0	4.0	50.0				8.0	8.0	6.0	2	6.0			11.0		6.0		9.0		12
134	19940201					1.0		26.0	2.0	26.0	3.0	7.0	10.0	29.0			1.0	7.0	2		2.0	2.0	5.0	45.0				9.0	11.0	9.0	2	5.0			8.0		7.0		14.0		7
135	19940301					3.0		27.0	2.0	13.0	6.0	5.0	12.0	27.0			2.0	6.0	3		2.0	4.0	4.0	46.0				14.0	17.0	14.0	1	6.0			6.0		9.0		9.0		10
136	19940401					1.0		24.0	1.0	19.0	4.0	7.0	9.0	25.0				5.0	4		2.0	2.0	5.0	44.0	1.0			19.0	22.0	4.0	1	8.0			10.0		9.0		12.0		10
137	19940501					1.0		21.0	2.0	13.0	2.0	3.0	10.0	30.0			1.0	5.0	4		2.0	2.0	3.0	46.0	1.0			23.0	31.0	5.0	1	7.0			6.0		13.0		7.0		10
138	19940601					1.0		24.0	1.0	26.0	2.0	6.0	11.0	32.0			1.0	5.0	4		1.0	3.0	5.0	49.0	1.0			15.0		4.0	1	6.0			11.0		6.0		8.0		16
139	19940701					1.0		19.0	1.0	34.0	2.0	6.0	12.0	34.0			1.0	7.0	5		2.0	3.0	5.0	51.0	1.0			14.0		5.0	2	8.0			11.0		11.0		13.0		17
140	19940801							24.0	1.0	23.0	3.0	8.0	9.0	32.0			1.0	7.0	4		1.0	4.0	4.0	55.0	1.0			12.0		4.0	2	8.0			17.0		7.0		4.0		17
141	19940901		1.0	1.0		1.0		19.0	2.0	34.0	4.0	10.0	11.0	30.0			3.0	9.0	3		2.0	2.0	6.0	45.0	2.0		1.0	15.0		5.0	1	9.0	1.0		16.0	1.0	4.0		6.0		23
142	19941001							17.0	2.0	16.0	3.0	7.0	11.0	35.0			2.0	10.0	2			2.0	5.0	53.0	2.0		1.0	14.0		5.0	1	9.0			19.0	1.0	6.0		6.0		21
143	19941101							20.0	1.0	20.0	2.0	10.0	7.0	37.0			2.0	9.0	3		1.0	4.0	5.0	57.0	2.0		1.0	12.0		6.0	1	9.0			13.0		5.0		4.0		18
144	19941201					1.0		25.0	2.0	18.0	3.0	6.0	11.0	32.0			1.0	6.0	4		2.0	4.0	4.0	54.0	6.0		1.0	13.0		3.0	2	7.0			12.0		5.0		5.0		19
145	19950101							22.0	1.0	24.0	4.0	8.0	11.0	32.0			1.0	9.0	3		1.0	4.0	5.0	70.0	2.0		2.0	12.0		5.0	1	8.0			7.0		5.0		7.0		20
146	19950201		2.0	2.0		5.0		32.0	2.0	15.0	4.0	6.0	10.0	33.0			1.0	8.0	3		1.0	4.0	5.0	41.0	2.0		1.0	13.0		6.0	1	10.0	1.0		4.0	1.0	5.0		14.0		18
147	19950301		1.0	1.0		4.0		23.0	2.0	24.0	5.0	8.0	13.0	29.0			1.0	11.0	4		2.0	5.0	5.0	40.0	4.0		1.0	14.0		8.0	1	10.0			5.0		4.0		12.0		21
148	19950401					4.0		34.0	3.0	16.0	5.0	7.0	9.0	31.0			1.0	9.0	5		1.0	2.0	3.0	41.0	2.0		1.0	12.0		7.0	2	11.0			8.0		3.0		10.0		17
149	19950501					1.0		23.0	3.0	21.0	5.0	12.0	11.0	31.0			2.0	8.0	4		1.0	3.0	6.0	39.0	3.0		1.0	14.0		7.0	1	14.0			7.0	1.0	2.0		5.0		22
150	19950601					1.0		25.0	2.0	19.0	5.0	5.0	13.0	30.0			3.0	8.0	6		1.0	3.0	4.0	41.0	2.0		1.0	11.0		6.0	1	9.0	1.0		10.0		5.0		7.0		24
151	19950701					1.0		30.0	1.0	16.0	7.0	6.0	13.0	30.0			1.0	8.0	4		1.0	2.0	3.0	39.0	10.0		1.0	7.0		8.0	1	7.0			7.0	1.0	4.0		11.0		21
152	19950801					1.0		37.0	1.0	18.0	16.0	7.0	16.0	29.0				9.0	4		1.0	3.0	6.0	35.0	2.0		2.0	10.0		5.0	1	8.0	1.0		7.0	2.0	3.0		4.0		19
153	19950901		1.0	1.0				26.0	1.0	18.0	28.0	6.0	15.0	27.0				9.0	3		1.0	3.0	5.0	33.0			3.0	11.0		6.0	1	8.0			6.0	1.0	3.0	1.0	3.0		23
154	19951001							15.0	1.0	20.0	28.0	9.0	13.0	31.0				6.0	5		1.0	4.0	3.0	34.0	2.0		4.0	7.0		4.0	1	9.0			8.0	2.0	5.0		3.0		27
155	19951101					1.0		32.0	1.0	16.0	4.0	5.0	15.0	29.0				7.0	4		2.0	3.0	5.0	37.0	3.0		1.0	10.0		5.0	1	10.0			5.0	1.0	5.0		3.0		25
156	19951201		1.0	1.0		3.0		30.0	2.0	19.0	8.0	6.0	13.0	29.0				7.0	4		1.0	4.0	4.0	39.0	3.0		2.0	11.0		5.0	1	9.0			7.0	1.0	3.0		2.0		26
157	19960101					1.0		27.0	2.0	17.0	7.0	5.0	19.0	32.0				7.0	4		2.0	4.0	5.0	49.0	1.0		2.0	10.0		6.0	1	5.0	1.0		4.0	1.0	3.0		2.0		26
158	19960201					1.0		32.0	1.0	17.0	5.0	6.0	18.0	26.0				8.0	6		1.0	3.0	5.0	34.0	2.0		1.0	10.0		3.0		8.0			7.0	1.0	3.0		4.0		30
159	19960301					2.0		26.0	2.0	17.0	8.0	6.0	21.0	32.0				7.0	5		2.0	4.0	4.0	37.0	1.0		2.0	11.0		5.0	2	7.0			6.0		5.0		3.0		35
160	19960401					1.0		23.0	2.0	20.0	4.0	8.0	30.0	33.0				8.0	8		2.0		5.0	38.0	2.0		1.0	12.0		5.0	3	10.0			4.0		1.0		2.0		43
161	19960501					1.0		20.0	1.0	17.0	3.0	5.0	27.0	31.0				9.0	6		1.0		4.0	40.0	1.0		1.0	9.0		4.0	3	7.0			6.0		2.0		4.0		44
162	19960601							13.0	1.0	21.0	7.0	8.0	26.0	33.0				7.0	4		1.0		4.0	41.0	11.0		2.0	12.0		7.0	1	7.0			4.0		4.0		4.0		36
163	19960701					1.0		22.0	1.0	19.0	3.0	7.0	17.0	40.0				8.0	4		1.0		5.0	45.0	5.0		1.0	13.0		8.0	2	9.0			3.0		3.0		8.0		28
164	19960801					1.0		33.0	1.0	21.0	5.0	8.0	13.0	33.0				8.0	5		2.0		6.0	44.0	5.0		2.0	10.0		8.0	2	9.0			3.0		3.0		5.0		33
165	19960901					1.0		22.0	1.0	20.0	4.0	5.0	13.0	39.0				7.0	5		2.0		3.0	49.0	11.0		1.0	12.0		6.0	1	7.0			3.0		3.0		4.0		30
166	19961001					1.0		23.0		21.0	5.0	9.0	14.0	39.0				6.0	3		1.0		6.0	35.0	10.0			13.0		8.0	1	9.0			6.0		3.0		3.0		31
167	19961101					2.0		22.0		13.0	4.0	5.0	19.0	42.0				6.0	3		2.0		4.0	47.0	3.0			17.0		7.0	2	7.0			3.0	1.0	4.0		4.0		34
168	19961201					2.0		16.0		14.0	26.0	3.0	14.0	37.0				7.0	3		1.0		3.0	50.0	5.0			19.0		6.0	1	8.0			3.0		3.0		3.0		31
169	19970101					3.0		23.0		19.0	4.0	5.0	14.0	37.0				10.0	3		2.0		5.0	42.0	8.0			23.0		7.0		9.0			4.0	1.0	3.0		3.0		32
170	19970201		1.0	1.0		7.0		28.0	1.0	16.0	2.0	5.0	14.0	31.0				8.0	3		1.0		4.0	42.0	3.0		1.0	20.0		9.0		8.0			4.0	1.0	2.0		2.0		31
171	19970301		1.0	1.0		1.0		31.0	1.0	22.0	4.0	5.0	16.0	36.0				8.0	4		1.0		4.0	47.0	1.0		1.0	13.0		7.0	1				4.0		1.0		3.0		34
172	19970401		1.0	1.0		1.0		35.0		26.0	2.0	6.0	14.0	36.0				8.0	4		1.0		4.0	47.0	2.0		1.0	12.0		7.0	1		1.0		8.0	1.0	2.0		3.0		32
173	19970601		1.0	1.0				21.0	1.0	28.0	2.0	7.0	17.0	45.0				7.0	4		1.0		6.0	45.0	2.0		1.0	12.0		7.0					4.0	2.0	2.0		4.0		35
174	19970701					1.0		16.0	1.0	27.0	2.0	9.0	18.0	39.0				9.0	5		1.0		5.0	47.0	2.0		1.0	13.0		11.0	1				5.0	1.0	2.0		7.0		35
175	19970801		1.0	1.0		1.0		23.0	1.0	23.0	2.0	6.0	19.0	49.0				8.0	4		1.0		6.0	46.0	4.0		1.0	13.0		7.0	1				4.0	2.0	2.0		4.0		34
176	19970901		1.0	1.0		1.0		30.0		24.0	2.0	6.0	14.0	45.0				8.0	2		1.0		5.0	51.0	4.0		1.0	11.0		10.0	1		1.0		3.0		3.0				39
177	19971001					2.0		43.0		27.0	2.0	3.0	22.0	54.0				7.0	3		2.0		5.0	63.0	3.0			17.0		2.0			1.0		3.0		4.0				28
178	19971101		1.0	1.0		2.0		33.0		28.0	1.0	3.0	18.0	43.0				6.0	4		2.0		5.0	49.0			1.0	15.0		6.0			2.0		3.0		3.0				39
179	19971201		1.0	1.0		2.0		35.0		27.0	2.0	5.0	18.0	45.0				10.0	4		1.0		8.0	48.0	2.0		1.0	13.0		5.0	1		2.0		3.0		5.0	1.0			38
180	19980101		1.0	1.0		2.0		29.0		22.0	2.0	4.0	19.0	43.0				9.0	3		2.0		5.0	49.0	2.0		1.0	12.0		5.0	1		2.0		2.0		4.0				36
181	19980201					2.0		38.0		37.0	2.0	6.0	24.0	38.0				10.0	4		2.0		7.0	42.0	2.0			14.0		4.0			2.0		3.0		4.0				35
182	19980301					2.0		23.0		37.0	3.0	7.0	19.0	42.0				8.0	5		2.0		9.0	43.0	1.0			13.0		3.0			2.0		3.0		3.0				41
183	19980401					3.0		20.0		41.0	2.0	6.0	13.0	39.0				7.0	2		1.0		7.0	36.0	1.0			11.0		4.0			2.0		3.0		4.0				37
184	19980501		1.0	1.0		8.0		23.0		27.0	3.0	6.0	14.0	32.0				9.0	3		1.0		4.0	35.0	2.0		1.0	11.0		5.0			2.0		3.0		4.0				43
185	19980601					3.0		20.0		30.0	2.0	5.0	15.0	27.0				8.0	2		2.0		5.0	33.0	2.0			10.0		7.0			3.0		4.0		3.0				44
186	19980701		1.0	1.0		5.0		25.0		29.0	2.0	6.0	14.0	31.0				8.0	3		1.0		4.0	35.0	4.0			9.0		5.0	1		3.0		3.0		3.0				43
187	19980801		1.0	1.0		15.0		28.0		22.0	1.0	4.0	13.0	28.0				8.0	3		1.0		4.0	33.0	4.0		1.0	8.0		3.0			2.0		3.0		2.0				44
188	19980901		1.0	1.0		18.0		29.0		29.0	2.0	5.0	16.0	30.0				9.0	2		1.0		4.0	39.0	1.0			9.0		4.0			2.0		3.0		3.0				42
189	19981001		1.0	1.0				20.0		24.0	2.0	5.0	17.0	33.0				9.0	3		1.0		4.0	34.0	2.0		1.0	8.0		4.0			3.0		4.0		4.0	1.0			46
190	19981101		1.0	1.0				16.0		24.0	3.0	5.0	16.0	31.0				9.0	3		1.0		3.0	36.0	5.0			8.0		5.0	1		3.0		3.0		3.0				44
191	19981201		1.0	1.0				11.0		24.0	2.0	6.0	18.0	30.0				10.0	3		1.0		4.0	39.0	12.0			10.0		7.0	1		4.0		3.0		4.0				48
192	19990101		1.0	1.0			1.0	14.0		27.0	3.0	7.0	20.0	29.0				10.0	3		1.0		3.0	41.0	1.0			8.0		4.0	1		3.0		4.0		3.0				49
193	19990201							10.0		23.0	2.0	6.0	19.0	32.0				9.0	4				4.0	40.0	2.0			10.0		4.0			3.0		4.0		5.0				51
194	19990301		1.0	1.0				11.0		25.0	3.0	10.0	19.0	31.0				10.0	4		1.0		5.0	39.0	1.0	1.0	1.0	11.0		5.0			3.0		5.0		5.0				52
195	19990401							17.0		22.0	2.0	5.0	18.0	29.0				12.0	4				2.0	45.0				10.0		4.0			4.0		4.0		5.0				51
196	19990501		1.0	1.0				13.0		24.0	3.0	4.0	20.0	30.0				11.0	3		1.0		4.0	44.0			1.0	9.0		5.0			3.0		3.0		5.0				48
197	19990601		1.0	1.0				12.0		24.0	3.0	4.0	20.0	29.0				10.0	5		2.0		5.0	39.0	1.0		1.0	8.0		6.0			5.0		4.0		4.0				52
198	19990701		1.0	1.0				12.0		23.0	6.0	3.0	20.0	28.0				12.0	5		2.0		3.0	39.0	1.0		1.0	9.0		5.0	1		2.0		3.0		6.0	1.0			51
199	19990801		1.0	1.0				26.0		22.0	4.0	3.0	17.0	29.0				11.0	5		1.0		3.0	38.0	1.0	1.0	1.0	9.0		5.0	1		2.0		4.0		4.0				47
200	19990901		1.0	1.0				15.0		25.0	2.0	4.0	19.0	29.0				8.0	5		1.0		4.0	44.0	1.0			9.0		4.0			3.0		4.0		5.0				53
201	19991001		1.0	1.0				12.0		25.0	2.0	3.0	21.0	33.0				10.0	6		1.0		3.0	41.0	1.0			9.0		3.0	1		2.0		4.0		5.0				51
202	19991101		1.0	1.0				16.0		24.0	2.0	4.0	20.0	25.0				10.0	5		1.0		3.0	43.0	2.0		1.0	8.0		4.0			2.0		4.0		4.0				51
203	19991201		1.0	1.0				25.0		26.0	2.0	4.0	20.0	26.0				10.0	4		2.0		5.0	36.0	2.0			9.0		4.0			3.0		5.0		4.0				52
204	20000101		1.0	1.0			1.0	22.0		23.0	3.0	3.0	22.0	22.0				11.0	6		1.0		3.0	38.0	1.0			10.0		5.0			4.0		2.0		5.0				52
205	20000201							17.0		22.0	2.0	3.0	22.0	18.0				11.0	6		1.0		3.0	34.0	1.0			12.0		4.0			5.0		2.0		9.0				55
206	20000301							14.0		25.0	2.0	4.0	17.0	20.0				10.0	4		1.0		4.0	40.0	2.0			11.0		4.0			3.0		2.0		4.0				58
207	20000401		1.0	1.0				11.0		37.0	3.0	7.0	19.0	22.0				10.0	4		1.0		4.0	34.0	3.0			9.0		5.0			2.0		4.0		4.0				62
208	20000501		1.0	1.0				7.0		33.0	3.0	3.0	20.0	21.0				8.0	5		1.0		6.0	34.0	2.0			9.0		4.0	1		2.0		5.0		5.0	1.0			59
209	20000601		1.0	1.0				9.0		33.0	5.0	4.0	19.0	23.0				11.0	5		1.0		4.0	36.0	2.0	1.0	1.0	7.0		6.0			3.0		3.0		5.0	2.0			62
210	20000701							12.0		23.0	7.0	4.0	18.0	20.0				10.0	5		1.0		4.0	35.0	2.0			7.0		7.0			4.0		2.0		5.0				65
211	20000801		1.0	1.0				13.0		30.0	2.0	4.0	22.0	21.0				11.0	5		1.0		4.0	29.0	1.0			9.0		4.0			3.0		2.0		11.0	1.0			66
212	20000901		1.0	1.0				12.0		32.0	3.0	3.0	24.0	21.0				9.0	6		2.0		4.0	35.0	1.0		1.0	10.0		4.0			5.0		4.0		8.0				60
213	20001001		1.0	1.0			1.0	7.0		33.0	7.0	4.0	24.0	24.0				11.0	5		2.0		4.0	38.0	1.0			9.0		6.0			2.0		4.0		9.0				60
214	20001101		1.0	1.0			1.0	12.0		34.0	5.0	4.0	21.0	25.0				11.0	5		2.0		5.0	35.0	2.0		1.0	9.0		4.0			3.0		4.0		11.0				59
215	20001201		1.0	1.0				4.0		26.0	9.0	5.0	23.0	22.0				10.0	6		1.0		5.0	40.0	1.0		1.0	9.0		3.0			2.0		4.0		7.0				61
216	20010101		1.0	1.0				5.0		31.0	6.0	4.0	30.0	22.0				14.0	5		2.0		6.0	32.0	2.0			9.0		5.0			2.0		4.0		6.0				61
217	20010201		1.0	1.0			1.0	6.0		23.0	4.0	2.0	28.0	19.0				10.0	5		2.0			34.0	2.0		1.0	15.0		4.0	1		2.0		3.0		4.0	1.0			66
218	20010301		1.0	1.0			1.0	6.0		28.0	4.0	3.0	30.0	23.0		1.0		9.0	5		2.0			35.0	3.0		1.0	13.0		4.0			2.0		4.0		4.0				61
219	20010401						2.0	6.0		33.0	6.0	2.0	30.0	17.0				9.0	7		3.0			32.0	1.0		1.0	13.0		3.0			1.0				7.0				61
220	20010601		1.0	1.0				7.0		29.0	4.0	2.0	32.0	19.0		1.0		9.0	6		2.0			32.0	1.0		1.0	11.0		3.0	1		2.0		8.0		4.0				61
221	20010701		1.0	1.0			1.0	10.0		25.0	6.0	2.0	32.0	21.0		1.0		8.0	5		1.0			36.0	1.0			9.0		5.0			3.0				3.0				63
222	20010801		2.0	2.0				19.0		24.0	4.0	3.0	31.0	18.0		1.0		8.0	5		1.0			32.0	1.0		1.0	11.0		7.0			2.0				3.0				66
223	20010901		1.0	1.0			1.0	9.0		20.0	6.0	2.0	36.0	21.0				9.0	6		2.0			37.0	1.0			10.0		4.0	1		2.0		4.0		2.0				69
224	20011001		1.0	1.0			1.0	13.0		24.0	5.0	2.0	30.0	19.0				8.0	6		2.0			41.0	1.0			12.0		3.0	1		4.0		3.0		2.0				68
225	20011101		1.0	1.0			1.0	9.0		26.0	8.0	2.0	36.0	19.0		1.0		10.0	6		2.0			24.0	2.0		1.0	10.0		5.0			2.0		3.0		1.0	1.0			73
226	20020101		1.0	1.0			2.0	10.0		34.0	3.0	2.0	33.0	18.0		1.0		10.0	8		3.0			24.0	3.0		1.0	9.0		4.0	1		1.0		2.0		2.0				78
227	20020201		1.0	1.0			1.0	10.0		33.0	3.0	2.0	31.0	20.0		1.0		9.0	4		2.0			30.0				7.0		5.0	1		2.0		2.0		1.0	1.0			81
228	20020301		2.0	2.0			3.0	8.0		17.0	9.0	2.0	37.0	16.0		1.0		10.0	5		3.0			28.0			1.0	7.0		4.0	1		3.0		2.0		1.0				79
229	20020401		2.0	2.0				24.0		12.0	3.0	2.0	41.0	15.0		1.0		17.0	7		2.0			24.0				7.0		3.0	1		2.0		3.0		1.0				72
230	20020501		2.0	2.0				19.0		12.0	2.0		47.0	16.0		1.0		15.0	8		5.0			27.0	1.0			7.0		5.0	3		2.0		4.0		1.0	1.0			71
231	20020601		1.0	1.0				19.0		9.0	2.0	1.0	50.0	14.0		1.0		10.0	9		3.0			27.0				7.0		4.0	2		2.0		2.0			8.0			74
232	20020701		1.0	1.0				22.0		11.0	3.0	1.0	53.0	17.0		1.0		13.0	9		3.0			21.0			1.0	6.0		7.0	4		1.0		3.0		1.0				61
233	20020901		2.0	2.0				10.0		14.0	7.0	2.0	44.0	18.0		2.0		15.0	13		7.0			26.0	1.0		2.0	7.0		8.0	4		2.0		6.0		1.0	1.0			64
234	20021001							10.0		17.0	3.0		35.0	20.0				12.0	7		5.0			28.0			1.0	7.0		14.0											61
235	20021101		1.0	1.0				17.0		16.0	3.0	2.0	26.0	21.0		1.0		11.0	9		5.0			30.0	1.0		2.0	9.0		15.0	1		1.0		4.0		1.0				57
236	20021201		2.0	2.0				14.0		15.0	4.0	2.0	27.0	23.0		1.0		11.0	9		7.0			32.0	1.0		1.0	8.0		13.0			2.0		5.0		1.0				57
237	20030101							10.0		11.0	3.0		32.0	27.0				9.0	8		7.0			41.0	1.0		1.0	8.0		10.0											53
238	20030201							9.0		13.0	4.0		40.0	27.0				11.0	10		9.0			49.0	2.0		1.0	10.0		7.0											56
239	20030301							12.0		11.0	6.0		37.0	24.0				12.0	11		8.0			43.0	2.0		3.0	9.0		5.0											54
240	20030401							24.0		15.0	6.0		31.0	17.0				17.0	10		9.0			34.0	1.0		2.0	8.0		4.0											41
241	20030501							32.0		12.0	4.0		28.0	24.0				9.0	9		10.0			42.0	1.0		2.0	10.0		7.0											48
242	20030601							9.0		15.0	8.0		24.0	21.0				9.0	11		8.0			51.0	1.0		2.0	10.0		10.0											54
243	20030701							8.0		23.0	6.0		26.0	26.0				9.0	12		9.0			45.0			1.0	9.0		7.0											54
244	20030801							6.0		13.0	9.0		34.0	19.0				13.0	17		11.0			34.0			2.0	8.0		8.0											54
245	20030901							8.0		13.0	6.0		34.0	17.0				9.0	14		11.0			33.0			2.0	7.0		18.0											53
246	20031001							18.0		9.0	4.0		28.0	20.0				11.0	18		13.0			40.0			1.0	7.0		8.0											52
247	20031101							5.0		14.0	4.0		28.0	25.0				7.0	16		13.0			51.0			1.0	7.0		9.0											45
248	20031201							4.0		15.0	10.0		27.0	20.0				10.0	21		27.0			29.0	1.0		1.0	10.0		10.0											48
249	20040101		1.0	1.0				5.0		7.0	6.0	1.0	32.0	18.0				8.0	22		38.0			24.0				9.0		9.0	1		1.0		1.0		3.0				38
250	20040201		1.0	1.0				3.0		7.0	51.0	1.0	33.0	17.0				8.0	19		35.0			23.0	2.0			8.0		5.0	1		1.0		1.0		2.0				37
251	20040301		1.0	1.0				4.0		5.0	65.0	1.0	28.0	17.0				10.0	19		28.0			27.0	1.0		3.0	10.0		5.0	1		1.0		2.0		1.0				34
252	20040401		2.0	2.0				14.0		9.0	29.0	2.0	23.0	14.0		1.0		10.0	17		29.0			24.0	1.0		2.0	10.0		6.0	1		2.0		2.0		2.0				22
253	20040501		1.0	1.0				18.0		8.0	33.0	1.0	23.0	21.0		2.0		10.0	19		36.0			28.0	1.0	1.0	2.0	10.0		9.0	1		1.0		1.0		2.0				22
254	20040601		1.0	1.0				5.0		12.0	25.0	1.0	25.0	32.0		1.0		6.0	23		23.0			31.0	1.0	1.0	2.0	10.0		12.0	2		1.0		2.0		2.0				26
255	20040701		1.0	1.0				3.0		9.0	35.0	2.0	26.0	20.0		1.0		9.0	30		22.0			29.0	1.0	1.0	2.0	11.0		14.0	1		2.0		3.0		2.0				24
256	20040801		1.0	1.0				3.0		10.0	31.0	2.0	25.0	17.0		1.0		10.0	32		24.0			28.0	1.0	1.0	3.0	10.0		18.0	1		2.0		3.0		2.0	1.0			26
257	20040901							15.0		12.0	4.0		21.0	18.0				8.0	19		30.0			30.0	1.0		4.0	11.0		30.0											20
258	20041001							10.0		12.0	5.0		23.0	17.0				10.0	19		30.0			22.0	2.0		4.0	7.0		20.0											19
259	20041101							8.0		14.0	3.0		25.0	15.0				8.0	29		39.0			23.0	2.0		4.0	10.0		22.0											26
260	20041201							7.0		12.0	4.0		24.0	15.0				9.0	23		46.0			25.0	1.0		5.0	11.0		19.0											20
261	20050101							6.0		9.0	3.0		24.0	12.0				8.0	26		49.0			25.0	2.0		3.0	9.0		21.0											18
262	20050201							6.0		12.0	4.0		26.0	14.0				11.0	29		32.0			27.0	1.0		5.0	10.0		18.0											20
263	20050301		3.0	3.0				9.0		14.0	3.0	3.0	24.0	13.0				10.0	24		22.0			31.0	2.0	1.0	5.0	12.0		19.0	1		3.0		8.0		2.0	4.0			26
264	20050501							9.0		10.0	7.0		24.0	14.0				14.0	17		17.0			34.0	2.0		5.0	12.0		17.0											24
265	20050601							10.0		13.0	7.0		28.0	12.0				14.0	24		12.0			36.0	2.0		6.0	12.0		18.0											24
266	20050701							3.0		16.0	5.0		31.0	14.0				10.0	25		13.0			35.0	2.0		7.0	12.0		21.0											23
267	20050801							5.0		18.0	5.0		17.0	13.0				7.0	16		11.0			31.0	5.0		9.0	12.0		28.0											25
268	20050901							7.0		18.0	4.0		17.0	13.0				8.0	15		11.0			34.0	4.0		9.0	11.0		30.0											27
269	20051001							11.0		15.0	3.0		16.0	15.0				8.0	17		13.0			29.0	1.0		8.0	11.0		35.0											24
270	20051101							16.0		13.0	5.0		19.0	12.0					23		10.0			29.0	1.0		12.0			23.0											30
271	20060101							11.0		19.0	6.0		16.0	12.0				7.0	17		10.0			34.0	1.0		16.0	13.0		17.0											31
272	20060201							4.0		24.0	5.0		16.0	14.0				8.0	21		10.0			35.0	2.0		11.0	14.0		14.0											32
273	20060301							3.0		20.0	6.0		15.0	14.0				10.0	21					40.0	3.0		9.0	9.0		22.0											33
274	20060401							4.0		20.0	6.0		14.0	14.0				10.0	19					38.0	3.0		11.0	13.0		14.0											35
275	20060501							5.0		26.0	5.0		18.0	11.0				10.0	17					34.0	3.0		11.0	13.0		9.0											38
276	20060601		3.0	3.0				4.0		19.0	7.0	3.0	21.0	13.0				14.0	15		6.0			31.0	2.0	3.0	11.0	15.0		5.0	1		3.0		2.0		1.0				41
277	20060701		2.0	2.0				4.0		21.0	7.0	4.0	21.0	15.0				8.0	14		5.0			39.0	3.0	5.0	13.0	20.0		11.0	2		8.0		3.0		2.0				36
278	20060801		4.0	4.0				6.0		25.0	6.0	5.0	14.0	15.0				9.0	9		5.0			38.0	3.0	6.0	13.0	16.0		10.0	1		3.0		3.0		2.0	2.0			42
279	20061001							8.0		24.0	5.0		16.0	14.0				9.0	11					36.0	7.0		13.0	15.0										2.0			44
280	20061101							4.0		29.0	7.0		15.0	15.0				10.0	11					34.0	15.0		12.0	13.0										1.0			48
281	20061201		3.0	3.0				5.0		28.0	7.0	4.0	13.0	16.0				11.0	9	1.0	7.0			41.0	3.0	4.0	15.0	13.0			2		4.0		5.0		3.0	2.0			48
282	20070101		3.0	3.0				4.0		34.0	7.0	6.0	8.0	14.0				10.0	7	2.0	8.0			35.0	3.0	4.0	17.0	12.0			1		2.0		5.0		3.0	2.0			49
283	20070401		4.0	4.0				2.0		23.0	6.0	5.0	8.0	15.0				8.0	5	1.0	9.0			44.0	3.0	4.0	13.0	13.0			1		2.0		5.0		2.0	1.0			53
284	20070501		5.0	5.0				3.0		20.0	6.0	4.0	8.0	15.0				8.0	6	2.0	13.0			50.0	4.0	4.0	13.0	17.0			1		2.0		7.0		3.0	2.0			53
285	20070601		6.0	6.0				2.0		27.0	5.0	4.0	7.0	14.0				9.0	5	2.0	2.0			60.0	15.0	4.0	12.0	11.0			1		2.0		4.0		4.0	2.0			56
286	20070701							4.0		17.0	5.0		7.0	13.0				5.0	3		1.0			59.0	2.0		12.0	7.0										3.0			49
287	20070801		5.0	5.0				1.0		15.0	7.0	3.0	6.0	14.0				6.0	2	1.0	1.0			64.0	1.0	4.0	13.0	6.0			1		1.0		3.0		1.0	1.0			45
288	20070901							1.0		16.0	9.0		6.0	18.0				9.0	5					52.0	2.0		20.0	8.0										1.0			57
289	20071001							1.0		20.0	8.0		10.0	19.0				9.0	5					32.0	3.0		15.0	7.0										1.0			58
290	20071201							1.0		19.0	10.0		13.0	15.0				8.0	5					22.0	1.0		18.0	8.0										1.0			60
291	20080101							2.0		20.0	9.0		9.0	16.0				9.0	4					21.0	1.0		19.0	6.0										1.0			63
292	20080201		6.0	6.0				2.0		27.0	10.0	5.0	9.0	16.0				8.0	6		2.0			19.0	1.0	6.0	17.0	6.0					2.0		4.0		2.0	2.0			65
293	20080301							1.0		17.0	13.0		8.0	24.0				7.0	4					28.0	1.0		16.0	7.0										1.0			68
294	20080401							1.0		19.0	9.0		5.0	17.0				7.0	3					19.0	1.0		21.0	8.0										1.0			75
295	20080501							1.0		17.0	9.0		6.0	14.0				7.0	5					20.0			20.0	9.0										1.0			76
296	20080601							2.0		18.0	9.0		7.0	12.0				7.0	8					19.0	1.0		16.0	8.0										1.0			77
297	20080701							2.0		17.0	10.0		7.0	11.0				6.0	3					17.0			19.0	10.0										2.0			75
298	20080801							2.0		13.0	19.0			13.0				8.0	8					17.0	1.0		26.0	9.0										1.0			78
299	20080901							2.0		16.0	7.0			11.0				5.0	6					18.0	1.0		22.0	6.0										1.0			73
300	20081001							1.0		14.0	8.0			12.0				7.0	9					18.0	1.0		26.0	5.0										1.0			77
301	20081101							1.0		17.0	7.0			11.0				6.0	7					19.0	2.0		22.0	4.0										1.0			78
302	20081201							1.0		17.0	7.0			12.0					7					15.0	2.0		17.0											1.0			80
303	20090101							2.0		14.0	7.0			12.0				7.0	6					16.0	2.0		17.0	4.0										1.0			78
304	20090201							2.0		15.0	9.0			15.0				5.0	9					19.0	2.0		26.0	5.0										2.0			83
305	20090401							1.0		13.0	7.0			16.0				8.0	8					18.0	1.0		29.0	5.0										1.0			84
306	20090501							3.0		17.0	20.0			12.0				6.0	8					14.0	3.0		15.0	4.0										1.0			79
307	20090601							3.0		17.0	4.0			12.0				12.0	11					14.0	3.0		15.0	6.0										3.0			86
308	20090701							2.0		13.0	4.0			15.0				9.0	11					15.0	2.0		14.0	5.0										5.0			82
309	20090801							2.0		17.0	7.0			12.0				6.0	9					15.0	3.0		21.0	6.0										3.0			84
310	20091001							2.0		21.0	5.0			8.0					10					10.0	2.0		21.0											3.0			82
311	20091101							2.0		25.0	4.0			9.0				6.0	11					13.0	2.0		15.0	6.0							9.0			3.0			82
312	20100201							1.0		29.0	6.0			10.0				5.0	12					12.0	1.0		15.0	6.0							17.0			3.0			85
313	20100301							2.0		19.0	7.0			10.0				6.0	10					13.0	1.0		18.0	6.0							12.0			3.0			83
314	20100401							2.0		16.0	6.0			10.0				7.0	15					16.0	2.0		18.0	6.0							5.0			4.0			83
315	20100501							3.0		17.0	7.0			11.0					15					15.0	2.0		15.0											5.0			80
316	20100601							4.0		20.0	7.0			11.0				5.0	20					16.0	1.0		15.0	11.0							6.0			5.0			78
317	20100701							3.0		15.0	7.0			12.0				4.0	17					16.0	2.0		17.0	6.0							4.0			5.0			85
318	20100801							3.0		12.0	6.0			11.0				5.0	17					18.0	1.0		19.0	6.0							4.0			9.0			85
319	20100901							2.0		13.0	5.0			10.0				5.0	22					16.0	2.0		21.0	10.0							2.0			7.0			85
320	20101001							3.0		8.0	9.0			10.0				7.0	28					13.0	2.0		20.0	8.0							2.0			26.0			79
321	20101101							4.0		10.0	7.0			8.0				3.0	15					9.0	2.0		24.0	7.0							2.0			26.0			82
322	20101201							4.0		12.0	7.0			10.0					14					9.0	3.0		22.0											36.0			79
323	20110101							4.0		11.0	6.0			8.0				3.0	18					9.0	4.0		20.0	6.0							3.0			40.0			73
324	20110201							5.0		12.0	7.0			6.0				3.0	18					8.0	7.0		22.0	7.0							2.0			41.0			75
325	20110301							5.0		10.0	7.0			7.0				3.0	21					10.0	2.0		22.0	5.0							3.0			39.0			70
326	20110401							8.0		12.0	9.0			7.0				4.0	19					11.0	6.0		25.0	5.0							5.0			35.0			71
327	20110501							15.0		10.0	8.0			9.0				4.0	17					10.0	2.0		29.0	7.0							4.0			29.0			73
328	20110601							8.0		12.0	11.0			8.0				5.0	16					12.0	3.0		30.0	5.0							6.0			15.0			76
329	20110701							11.0		11.0	11.0			9.0				5.0	21					14.0	3.0		29.0	7.0							4.0			10.0			81
330	20110801							8.0		9.0	13.0			10.0				4.0	18					15.0	3.0		39.0	7.0							3.0			4.0			80
331	20110901							9.0		9.0	13.0			8.0				5.0	19					14.0	6.0		41.0	7.0							3.0			6.0			79
332	20111001							5.0		10.0	14.0			8.0				5.0	22					26.0	3.0		30.0	7.0							4.0			4.0			78
333	20111101							4.0		16.0	14.0			8.0				3.0	19					17.0	4.0		30.0	5.0							4.0			3.0			80
334	20111201							4.0		15.0	11.0			9.0				5.0	23					14.0	3.0		22.0	6.0							4.0			4.0			82
335	20120101							6.0		15.0	13.0			10.0				4.0	21					11.0	2.0		26.0	6.0							4.0			4.0			79
336	20120201							8.0		9.0	15.0			9.0				4.0	21					11.0	1.0		30.0	8.0							3.0			5.0			86
337	20120301							6.0		9.0	10.0			11.0				6.0	25					10.0	3.0		29.0	6.0							4.0			8.0			83
338	20120401							6.0		8.0	8.0			8.0				5.0	24					6.0	3.0		24.0	8.0							3.0			7.0			83
339	20120501							6.0		10.0	14.0			8.0				5.0	29					11.0	4.0			5.0							5.0			6.0			87
340	20120601							4.0		10.0	13.0								34						3.0													9.0			85
341	20120701							4.0		13.0	11.0								32						3.0													11.0			87
342	20120801							23.0		32.0				24.0				15.0	69					23.0	12.0										14.0			53.0			51
343	20120901							15.0		19.0				18.0				12.0	65					12.0	11.0			7.0							9.0			55.0			41
344	20121001							14.0		41.0				17.0				16.0	68					17.0	18.0										16.0			56.0			53
345	20121101							9.0		14.0				9.0				9.0	66					15.0	5.0										10.0			73.0			31
346	20121201							9.0		23.0				15.0				12.0	63					11.0	7.0								7.0		27.0			25.0			55
347	20130101													12.0				9.0	64					10.0	7.0			7.0							16.0			30.0			50
348	20130201							10.0		9.0				5.0				27.0	81					2.0	6.0			8.0							5.0			18.0			8
349	20130301							19.0		8.0				12.0				23.0	82					3.0	6.0			10.0							7.0			22.0			9
