anger	death	family	home	humans	negative_affect	positive_affect	religion	sexual	swear	time	season	episode
0	0	0	0	0	0	0	0	0	0	0	1	1
0	0	0	0	1	0	0	0	0	0	1	1	1
0	0	0	0	0	0	0	0	0	0	2	1	1
1	3	2	0	3	2	6	0	4	0	3	1	1
0	1	0	0	1	0	2	0	1	0	4	1	1
0	0	0	0	0	0	1	0	0	0	5	1	1
0	0	0	0	0	0	0	0	0	0	6	1	1
0	0	0	0	0	0	0	0	0	0	7	1	1
0	0	0	0	0	0	0	0	0	0	8	1	1
0	0	1	0	0	0	1	0	0	0	9	1	1
0	0	2	0	2	0	3	0	2	1	10	1	1
0	1	1	0	4	1	3	0	1	0	11	1	1
2	2	2	1	0	2	3	0	1	0	12	1	1
1	2	3	1	1	1	2	0	2	0	13	1	1
2	0	3	0	2	2	5	0	4	1	14	1	1
0	1	0	0	0	0	1	0	0	0	15	1	1
0	1	2	0	0	0	2	0	2	0	16	1	1
0	2	0	0	1	0	4	0	1	0	17	1	1
1	1	1	0	0	1	0	0	0	0	18	1	1
2	1	4	0	0	0	6	0	8	1	19	1	1
0	2	0	0	1	0	4	0	1	0	20	1	1
0	3	4	0	1	0	6	0	1	0	21	1	1
0	2	4	0	3	0	8	0	3	0	22	1	1
0	1	2	0	1	0	1	0	3	0	23	1	1
0	0	1	0	0	1	3	0	0	0	24	1	1
0	0	1	0	0	0	2	0	0	0	25	1	1
0	0	0	0	0	0	1	0	0	0	26	1	1
1	1	1	0	0	0	9	1	2	1	27	1	1
2	1	3	0	2	0	7	0	3	1	28	1	1
0	2	5	0	0	0	11	0	5	0	29	1	1
1	0	6	0	2	0	11	0	0	0	30	1	1
0	2	8	1	3	2	6	1	4	0	31	1	1
0	1	1	0	1	2	3	1	2	0	32	1	1
0	0	0	0	0	0	3	0	1	0	33	1	1
0	3	2	0	1	0	3	1	0	0	34	1	1
0	0	0	0	1	0	0	0	1	0	35	1	1
2	2	6	0	1	1	6	0	8	0	36	1	1
0	0	2	0	0	0	5	0	2	0	37	1	1
1	0	4	4	3	0	7	0	10	1	38	1	1
0	0	4	2	1	1	11	0	2	0	39	1	1
0	3	1	0	1	0	1	0	1	0	40	1	1
1	0	2	1	1	1	8	0	1	0	41	1	1
0	0	6	1	2	0	4	0	1	0	42	1	1
3	1	2	0	1	3	3	2	0	1	43	1	1
1	1	7	0	1	0	9	1	4	1	44	1	1
0	1	4	1	2	0	12	1	4	1	45	1	1
0	0	3	2	4	0	7	3	2	1	46	1	1
0	0	6	0	2	0	3	0	1	0	47	1	1
0	0	3	0	0	1	7	1	1	1	48	1	1
1	3	6	0	1	1	1	0	1	0	49	1	1
1	1	0	0	2	1	5	0	0	0	50	1	1
0	0	0	0	0	0	0	0	1	0	51	1	1
0	2	6	0	1	0	5	0	1	0	52	1	1
0	0	1	0	0	0	4	0	1	1	53	1	1
0	0	0	0	0	0	2	0	1	0	54	1	1
0	0	1	0	0	0	1	0	0	0	55	1	1
0	0	0	0	0	0	1	0	1	0	56	1	1
1	1	3	0	1	0	8	0	2	1	57	1	1
0	0	0	0	0	0	0	0	0	0	58	1	1
1	0	1	0	1	1	0	0	1	0	59	1	1
0	0	0	0	0	0	1	0	1	0	60	1	1
1	1	8	0	2	1	8	0	1	0	0	1	2
1	1	7	2	0	0	6	0	4	1	1	1	2
0	0	0	0	1	0	0	0	0	0	2	1	2
0	0	1	0	0	0	6	0	8	5	3	1	2
0	0	0	0	0	0	2	0	0	0	4	1	2
0	0	2	0	0	0	8	0	3	1	5	1	2
0	2	9	0	4	0	8	0	1	0	6	1	2
0	1	1	0	0	0	6	0	4	0	7	1	2
0	3	6	0	3	1	5	1	1	0	8	1	2
0	1	5	1	3	0	8	0	5	0	9	1	2
0	1	0	1	2	1	8	0	3	1	10	1	2
0	2	1	0	2	0	6	0	2	0	11	1	2
0	0	0	0	0	0	1	0	0	0	12	1	2
1	3	3	0	3	0	12	0	0	0	13	1	2
0	1	0	0	0	0	5	0	3	0	14	1	2
1	0	4	0	2	1	11	0	3	0	15	1	2
0	0	0	0	0	0	5	0	0	0	16	1	2
0	1	3	0	0	0	2	0	0	0	17	1	2
0	0	1	0	0	0	0	0	0	0	18	1	2
1	1	2	0	2	1	6	0	3	0	19	1	2
1	2	1	0	0	1	1	0	0	0	20	1	2
0	1	3	0	0	0	3	0	0	0	21	1	2
0	2	4	0	1	0	5	0	2	0	22	1	2
0	1	1	0	0	0	3	0	0	0	23	1	2
3	4	3	1	2	2	14	0	5	2	24	1	2
1	2	3	1	4	3	12	0	4	0	25	1	2
1	1	5	1	3	1	11	0	6	0	26	1	2
0	0	2	1	0	0	1	0	4	0	27	1	2
1	3	9	0	0	1	5	0	0	0	28	1	2
2	2	5	0	1	2	7	0	3	0	29	1	2
0	0	1	0	2	0	3	0	0	0	30	1	2
1	3	4	1	5	1	8	0	2	2	31	1	2
0	1	1	0	0	1	5	1	0	0	32	1	2
0	1	0	0	1	1	6	0	2	0	33	1	2
0	0	5	0	3	0	6	0	3	0	34	1	2
0	0	0	0	0	0	0	0	0	0	35	1	2
0	0	1	0	0	0	1	0	0	0	36	1	2
3	4	3	1	4	3	9	0	1	0	37	1	2
0	0	6	0	3	0	6	0	1	1	38	1	2
0	0	0	0	0	0	3	0	1	0	39	1	2
0	0	7	0	5	0	12	0	4	0	40	1	2
0	1	2	0	0	0	6	0	1	0	41	1	2
0	0	0	0	0	0	2	0	0	0	42	1	2
0	0	2	0	1	0	3	0	0	0	43	1	2
2	0	5	0	3	3	7	1	3	0	44	1	2
0	0	1	0	2	0	3	0	2	0	45	1	2
0	1	1	0	4	0	4	0	3	0	46	1	2
0	0	0	0	0	0	3	0	0	0	47	1	2
0	0	0	0	0	0	1	0	0	1	48	1	2
0	0	5	0	3	1	4	1	2	0	49	1	2
1	0	3	1	4	0	13	1	1	1	50	1	2
0	0	2	0	2	0	10	0	0	0	51	1	2
0	1	3	1	6	0	10	0	1	0	52	1	2
0	0	0	1	2	0	4	0	1	0	53	1	2
0	1	0	0	1	0	0	0	0	0	54	1	2
0	0	0	0	0	0	0	0	0	0	55	1	2
0	1	4	1	1	0	12	0	7	0	0	1	3
0	1	0	0	4	0	10	0	1	0	1	1	3
0	0	2	0	0	0	2	0	1	0	2	1	3
0	1	0	0	1	0	5	0	0	0	3	1	3
0	5	5	1	2	0	14	0	3	1	4	1	3
3	1	7	2	2	3	4	0	1	0	5	1	3
0	0	7	0	4	0	11	0	3	0	6	1	3
0	0	16	0	6	0	10	1	6	0	7	1	3
0	1	8	1	1	0	11	1	3	0	8	1	3
2	1	5	0	2	1	9	0	3	0	9	1	3
2	1	9	0	7	0	5	0	8	2	10	1	3
1	4	6	2	1	1	8	0	3	0	11	1	3
2	2	4	1	1	3	10	1	4	0	12	1	3
1	1	3	0	0	1	2	0	1	0	13	1	3
0	1	1	0	2	0	5	0	4	0	14	1	3
2	0	4	0	2	0	8	0	3	0	15	1	3
2	1	2	0	0	1	8	0	1	1	16	1	3
2	2	0	0	3	1	6	3	3	0	17	1	3
0	1	5	0	2	2	9	0	5	0	18	1	3
0	1	3	0	0	0	4	0	4	0	19	1	3
0	1	2	0	5	1	3	1	2	0	20	1	3
0	0	3	0	3	2	7	1	3	0	21	1	3
0	0	2	0	2	1	4	1	2	0	22	1	3
1	1	3	0	1	1	4	0	2	0	23	1	3
0	1	5	0	4	0	4	0	1	0	24	1	3
0	1	3	0	3	0	10	0	1	0	25	1	3
1	0	4	0	2	0	9	0	1	0	26	1	3
1	2	7	0	1	0	10	1	1	0	27	1	3
0	1	7	1	3	0	12	0	2	0	28	1	3
5	3	3	0	4	3	10	1	3	1	29	1	3
2	2	2	0	4	0	4	0	4	2	30	1	3
0	0	0	0	0	0	0	0	0	0	31	1	3
0	1	1	0	1	1	8	1	3	0	32	1	3
0	2	7	0	2	0	5	0	3	0	33	1	3
0	1	1	0	0	2	9	1	1	0	34	1	3
3	3	3	0	1	1	7	0	3	1	35	1	3
1	0	2	1	0	1	3	0	1	0	36	1	3
0	1	2	0	3	0	7	0	5	0	37	1	3
1	1	3	0	2	1	7	0	0	0	38	1	3
0	1	2	0	0	1	12	0	1	0	39	1	3
0	0	0	0	0	0	0	0	0	0	40	1	3
0	0	0	0	0	0	0	0	0	0	41	1	3
0	1	3	0	1	0	11	0	1	0	42	1	3
0	0	4	0	1	0	6	0	4	0	43	1	3
0	3	5	0	2	0	16	0	1	0	44	1	3
1	0	5	0	0	1	12	0	3	0	45	1	3
1	1	3	0	0	1	4	0	1	0	46	1	3
0	2	2	0	2	0	13	0	1	0	47	1	3
0	1	5	0	3	0	5	0	2	0	48	1	3
0	0	0	0	1	0	4	0	2	0	49	1	3
0	0	3	0	1	0	5	0	5	0	50	1	3
1	1	5	0	5	1	5	0	4	0	51	1	3
0	1	2	0	0	0	2	0	0	0	52	1	3
0	1	4	1	1	0	4	0	0	0	53	1	3
0	0	2	0	2	0	7	0	1	0	54	1	3
0	2	4	0	4	0	5	0	2	0	55	1	3
1	1	2	1	2	1	3	0	0	0	56	1	3
0	3	0	0	0	0	1	0	0	0	57	1	3
0	0	0	0	0	0	0	0	0	0	58	1	3
0	1	5	1	5	0	11	2	4	0	0	1	4
0	1	2	0	0	0	4	0	2	1	1	1	4
0	0	2	0	0	0	2	0	0	0	2	1	4
1	0	2	0	0	1	3	0	1	0	3	1	4
2	4	4	0	4	1	12	1	3	1	4	1	4
1	2	4	0	2	4	12	0	5	0	5	1	4
0	0	8	1	3	0	9	0	2	1	6	1	4
0	2	3	0	1	0	5	0	3	0	7	1	4
3	2	0	0	0	1	7	2	2	2	8	1	4
0	1	4	0	2	0	5	0	4	1	9	1	4
3	4	1	0	1	2	4	0	0	0	10	1	4
3	4	1	0	0	3	1	0	0	1	11	1	4
0	0	3	0	0	0	4	0	2	0	12	1	4
1	0	3	0	3	1	3	1	1	0	13	1	4
1	4	1	0	4	1	9	0	1	0	14	1	4
0	0	4	0	1	0	9	0	2	0	15	1	4
0	1	3	1	4	1	8	0	5	2	16	1	4
0	0	1	0	0	1	2	0	6	0	17	1	4
0	0	6	0	0	3	12	0	2	0	18	1	4
2	3	4	0	7	0	13	0	1	1	19	1	4
2	0	11	0	3	4	5	4	4	0	20	1	4
0	2	9	0	3	0	13	0	7	1	21	1	4
0	0	2	0	1	1	9	0	3	1	22	1	4
0	2	5	0	4	1	11	1	0	0	23	1	4
0	2	2	0	2	0	5	0	2	0	24	1	4
0	2	6	0	5	0	11	0	6	0	25	1	4
0	0	4	0	1	1	7	1	3	0	26	1	4
0	0	4	0	0	0	3	0	2	0	27	1	4
3	2	1	0	0	2	5	1	2	1	28	1	4
0	2	3	0	1	1	2	0	2	1	29	1	4
0	0	1	0	0	2	6	2	2	0	30	1	4
0	0	1	0	1	0	11	0	5	0	31	1	4
0	0	1	1	1	1	9	1	3	0	32	1	4
2	0	2	0	1	1	8	0	5	0	33	1	4
1	1	6	0	1	2	14	1	1	0	34	1	4
0	0	4	0	2	0	4	0	2	0	35	1	4
1	2	4	0	0	0	14	0	2	0	36	1	4
0	1	0	0	0	0	3	0	1	0	37	1	4
0	0	2	1	2	0	2	0	3	0	38	1	4
0	0	0	0	0	0	1	0	0	0	39	1	4
0	0	3	0	4	1	5	0	3	0	40	1	4
1	0	7	0	3	1	11	0	1	0	41	1	4
0	0	2	0	1	0	7	0	1	0	42	1	4
0	1	3	1	1	1	11	0	3	0	43	1	4
0	1	4	0	3	0	3	0	1	0	44	1	4
1	2	1	0	4	1	7	0	4	0	45	1	4
0	0	3	0	4	1	11	0	4	2	46	1	4
1	2	2	0	4	1	9	0	6	2	47	1	4
1	2	3	0	2	1	8	0	0	0	48	1	4
0	0	2	3	0	0	5	0	4	0	49	1	4
0	1	5	1	2	0	2	0	3	0	50	1	4
0	1	0	0	0	0	1	0	1	1	51	1	4
0	0	3	0	0	0	6	0	6	0	52	1	4
0	1	4	2	4	0	5	0	3	0	53	1	4
0	0	6	0	2	1	8	2	5	0	54	1	4
0	2	2	0	0	1	8	1	0	0	55	1	4
0	3	5	3	7	1	8	1	2	0	56	1	4
0	0	2	0	4	0	6	0	4	0	57	1	4
0	2	3	0	4	0	5	0	3	0	58	1	4
0	0	1	0	0	0	0	0	0	0	59	1	4
0	1	1	1	1	0	4	0	2	0	0	1	5
3	2	7	1	3	1	7	1	3	0	1	1	5
1	1	7	0	1	2	10	0	4	1	2	1	5
1	3	6	0	4	3	12	1	6	0	3	1	5
1	4	6	0	2	1	5	0	3	1	4	1	5
0	0	2	0	0	0	1	0	0	0	5	1	5
0	1	0	0	1	0	3	1	1	0	6	1	5
0	0	1	0	0	0	5	0	3	0	7	1	5
0	0	0	0	0	0	0	0	0	0	8	1	5
1	1	2	0	0	1	1	0	1	0	9	1	5
2	3	6	0	0	2	7	0	1	0	10	1	5
0	1	3	0	2	1	3	1	3	1	11	1	5
0	1	0	0	0	0	1	0	0	0	12	1	5
0	2	3	0	4	0	3	0	1	1	13	1	5
1	2	11	5	0	0	8	0	7	0	14	1	5
0	3	6	4	2	0	3	0	6	0	15	1	5
0	0	3	0	4	1	3	0	5	0	16	1	5
4	4	2	1	0	4	9	1	1	0	17	1	5
1	0	2	0	5	4	2	1	4	2	18	1	5
0	0	5	0	0	2	4	1	3	0	19	1	5
0	0	5	0	4	1	6	0	6	0	20	1	5
0	1	4	0	1	0	6	0	4	0	21	1	5
2	5	5	0	2	2	12	0	1	0	22	1	5
0	1	3	0	1	1	4	1	5	0	23	1	5
0	2	8	0	3	0	4	0	4	0	24	1	5
1	1	2	0	1	6	9	4	2	0	25	1	5
0	1	5	2	2	1	11	1	0	0	26	1	5
1	0	3	0	0	0	4	0	1	0	27	1	5
3	1	2	0	2	2	8	0	2	1	28	1	5
0	2	6	0	3	1	7	1	2	0	29	1	5
0	0	2	1	3	0	4	0	1	0	30	1	5
0	1	5	1	5	0	8	0	3	0	31	1	5
2	4	6	0	2	2	9	0	2	0	32	1	5
2	1	11	1	5	2	7	1	7	1	33	1	5
3	2	2	0	1	3	6	0	5	0	34	1	5
2	3	4	1	5	2	7	0	9	0	35	1	5
1	4	4	0	4	1	10	0	3	0	36	1	5
1	2	2	0	4	1	14	0	3	0	37	1	5
1	2	3	1	2	1	5	0	3	0	38	1	5
0	1	8	0	5	0	9	0	2	0	39	1	5
2	4	3	0	2	2	3	0	0	0	40	1	5
3	3	5	0	6	2	10	0	7	0	41	1	5
0	3	1	0	2	2	7	1	6	1	42	1	5
2	3	3	0	0	2	9	0	5	0	43	1	5
1	1	4	0	2	1	10	0	3	0	44	1	5
2	1	5	0	0	2	7	0	1	0	45	1	5
0	0	0	0	2	2	5	1	2	0	46	1	5
1	1	4	0	3	1	1	0	3	0	47	1	5
1	3	4	0	2	1	4	0	2	0	48	1	5
1	0	2	0	0	0	4	0	5	1	49	1	5
0	0	1	0	0	0	10	0	3	0	50	1	5
0	0	2	0	2	1	4	0	1	0	51	1	5
0	0	2	0	0	0	6	0	2	0	52	1	5
0	2	5	0	4	1	9	2	1	0	53	1	5
1	0	6	0	2	0	7	0	3	1	54	1	5
1	1	7	0	2	1	11	0	1	0	55	1	5
0	2	2	0	2	0	0	0	0	0	56	1	5
0	0	1	0	0	0	0	0	0	0	57	1	5
0	0	0	0	0	0	0	0	0	0	58	1	5
0	0	1	0	0	0	3	0	0	0	0	1	6
0	2	8	0	4	0	10	0	4	0	1	1	6
1	1	1	0	0	1	6	0	3	0	2	1	6
0	3	6	0	1	0	13	0	1	1	3	1	6
2	2	4	0	3	1	6	1	2	1	4	1	6
0	0	1	0	0	0	0	0	0	0	5	1	6
0	0	0	0	0	0	2	0	0	0	6	1	6
0	0	0	0	0	0	0	0	0	0	7	1	6
2	4	6	0	2	2	2	0	2	0	8	1	6
0	1	0	0	0	0	0	0	1	0	9	1	6
1	2	4	1	3	1	7	0	2	1	10	1	6
0	0	0	0	0	0	0	0	0	0	11	1	6
1	0	2	0	1	1	7	0	0	0	12	1	6
1	2	2	0	1	1	0	0	0	0	13	1	6
2	2	4	1	1	1	3	0	2	1	14	1	6
0	2	0	1	0	0	6	0	1	0	15	1	6
0	3	0	0	0	0	6	0	1	0	16	1	6
0	0	0	0	0	0	9	0	4	0	17	1	6
0	1	0	0	1	0	4	0	0	0	18	1	6
0	0	0	0	0	1	9	1	1	0	19	1	6
0	1	0	0	0	0	10	0	1	0	20	1	6
1	0	0	0	0	1	7	1	2	0	21	1	6
0	1	4	0	0	0	12	0	8	1	22	1	6
0	0	0	0	0	0	0	0	0	0	23	1	6
0	0	3	0	1	0	7	0	1	0	24	1	6
0	0	1	0	2	0	2	0	0	0	25	1	6
2	4	3	0	5	3	3	1	2	0	26	1	6
1	1	8	0	2	2	3	0	5	2	27	1	6
0	0	5	2	1	1	6	1	2	0	28	1	6
2	0	6	0	1	0	3	0	0	0	29	1	6
0	0	3	0	5	0	4	0	8	0	30	1	6
0	1	5	0	5	0	11	0	0	0	31	1	6
1	3	4	0	0	1	8	0	2	2	32	1	6
4	1	10	0	7	1	6	0	6	2	33	1	6
0	0	2	1	2	0	5	0	3	0	34	1	6
1	0	4	1	2	2	7	1	3	0	35	1	6
2	0	6	0	1	2	8	2	3	0	36	1	6
0	1	7	2	4	0	5	0	5	1	37	1	6
0	1	2	0	1	0	5	0	2	1	38	1	6
1	2	3	0	1	1	3	0	2	0	39	1	6
1	1	0	0	0	1	0	0	0	0	40	1	6
0	0	0	0	0	0	1	0	0	0	41	1	6
0	0	1	0	1	0	1	1	0	0	42	1	6
0	0	4	1	3	0	1	0	2	0	43	1	6
0	0	3	0	1	0	3	0	1	0	44	1	6
1	1	1	0	1	1	10	0	0	0	45	1	6
0	1	5	2	2	0	2	0	1	0	46	1	6
0	0	0	0	1	0	1	0	1	0	47	1	6
1	1	6	0	3	1	8	0	3	0	48	1	6
0	1	1	1	0	0	6	0	1	0	49	1	6
1	1	7	1	3	1	13	1	5	1	50	1	6
0	0	0	0	0	0	4	0	0	0	51	1	6
0	0	1	1	0	0	2	0	0	0	52	1	6
0	0	3	0	0	0	9	0	1	0	53	1	6
0	1	1	0	0	0	1	1	0	0	54	1	6
1	0	6	1	1	1	12	0	2	0	55	1	6
0	0	1	0	1	0	5	0	0	0	56	1	6
0	0	3	0	0	0	1	0	0	0	57	1	6
0	0	0	0	0	0	0	0	0	0	58	1	6
1	4	8	1	2	1	13	0	0	1	0	1	7
0	1	4	2	0	0	10	0	0	0	1	1	7
0	0	2	0	3	0	0	0	0	0	2	1	7
0	2	2	0	1	0	3	0	0	0	3	1	7
0	1	3	1	3	1	10	0	3	0	4	1	7
0	3	9	2	4	0	5	0	4	0	5	1	7
1	1	8	2	3	2	5	1	2	0	6	1	7
0	1	1	1	1	0	6	0	1	0	7	1	7
2	2	8	1	2	0	10	0	5	0	8	1	7
1	2	7	0	6	1	11	0	2	0	9	1	7
1	1	2	0	2	2	3	0	0	0	10	1	7
0	0	2	0	2	0	6	0	1	0	11	1	7
0	1	2	0	2	1	11	1	4	1	12	1	7
0	1	3	0	3	0	12	0	5	1	13	1	7
0	1	3	0	3	1	7	1	3	0	14	1	7
1	0	1	0	0	0	9	0	1	1	15	1	7
1	1	0	0	1	3	6	1	4	1	16	1	7
0	0	1	2	0	0	10	0	2	0	17	1	7
0	0	4	0	3	1	9	0	2	0	18	1	7
0	0	4	0	3	0	5	0	1	0	19	1	7
0	1	1	0	1	0	2	0	5	0	20	1	7
0	0	2	0	1	0	1	0	3	0	21	1	7
0	0	1	0	0	0	3	0	2	0	22	1	7
0	0	2	0	0	0	3	1	3	0	23	1	7
0	0	2	0	1	0	0	0	4	3	24	1	7
1	1	2	0	1	0	2	0	0	0	25	1	7
0	1	4	0	1	0	3	0	1	0	26	1	7
2	1	7	0	8	1	14	0	4	0	27	1	7
0	0	0	0	0	0	0	0	0	0	28	1	7
0	0	5	1	0	0	2	0	1	0	29	1	7
0	0	5	0	1	0	13	0	1	0	30	1	7
0	0	3	2	4	1	6	1	4	0	31	1	7
0	2	3	1	1	0	13	0	7	0	32	1	7
1	1	1	0	1	1	11	0	3	0	33	1	7
0	0	0	0	0	0	2	0	3	0	34	1	7
2	4	3	0	0	2	5	0	2	0	35	1	7
0	1	3	0	2	0	4	0	4	0	36	1	7
1	6	2	0	0	1	3	0	4	1	37	1	7
4	5	2	0	0	4	1	0	0	0	38	1	7
1	1	8	0	7	1	5	0	3	1	39	1	7
2	1	6	1	3	3	12	2	4	2	40	1	7
0	0	6	1	4	2	2	1	0	0	41	1	7
0	2	8	0	4	0	4	0	5	0	42	1	7
2	8	11	0	2	2	12	0	2	1	43	1	7
1	2	0	1	2	1	2	0	2	0	44	1	7
0	1	8	1	1	0	6	0	3	1	45	1	7
1	2	4	1	1	2	7	0	3	1	46	1	7
0	0	5	0	2	0	6	1	5	0	47	1	7
0	0	0	0	1	0	5	0	1	0	48	1	7
0	3	0	0	3	0	4	0	2	0	49	1	7
0	2	6	0	1	2	7	1	4	2	50	1	7
0	0	0	0	0	0	3	0	0	0	51	1	7
0	3	3	1	0	0	2	0	1	0	52	1	7
0	0	3	0	1	0	3	0	1	0	53	1	7
0	1	5	0	3	0	3	0	1	0	54	1	7
0	1	6	1	0	0	5	0	2	0	55	1	7
0	4	5	0	9	0	2	0	0	0	56	1	7
1	1	0	0	0	1	0	0	1	0	57	1	7
1	1	2	0	0	1	2	0	1	1	0	1	8
2	3	0	1	2	2	3	0	1	0	1	1	8
0	0	3	0	4	0	8	0	0	0	2	1	8
0	2	0	0	2	0	1	0	0	1	3	1	8
0	3	0	0	0	0	0	0	1	0	4	1	8
2	2	0	0	1	2	1	0	1	0	5	1	8
1	3	1	0	2	1	5	0	5	0	6	1	8
2	1	4	0	3	2	9	2	3	0	7	1	8
0	1	2	0	0	2	4	0	4	0	8	1	8
1	3	6	0	1	1	3	0	1	0	9	1	8
0	1	2	0	1	0	1	0	1	0	10	1	8
2	2	6	1	0	2	7	0	3	0	11	1	8
0	1	7	0	3	0	14	1	3	0	12	1	8
0	0	5	0	1	0	7	0	0	0	13	1	8
0	0	7	0	1	0	7	0	2	1	14	1	8
2	4	3	0	0	3	5	1	1	0	15	1	8
1	1	7	2	1	2	5	0	3	0	16	1	8
0	2	4	0	1	1	3	0	2	0	17	1	8
1	0	4	1	3	0	10	0	2	0	18	1	8
0	1	1	0	0	0	2	0	0	0	19	1	8
0	2	6	1	5	0	12	0	6	1	20	1	8
0	1	2	0	0	0	7	0	0	0	21	1	8
0	1	0	0	0	0	1	0	0	0	22	1	8
0	0	0	0	0	0	2	0	1	0	23	1	8
1	0	2	0	2	0	0	1	1	1	24	1	8
0	0	1	0	1	0	0	0	0	0	25	1	8
1	2	1	0	1	1	4	0	1	0	26	1	8
0	0	1	0	1	0	12	0	3	0	27	1	8
0	0	1	0	0	0	5	0	1	0	28	1	8
0	0	0	0	0	0	0	0	1	0	29	1	8
0	2	3	0	3	0	3	0	2	0	30	1	8
0	1	4	1	4	0	2	0	3	1	31	1	8
1	1	1	0	1	0	2	0	1	2	32	1	8
0	0	0	0	1	0	9	0	0	0	33	1	8
0	3	3	0	0	0	7	0	1	0	34	1	8
0	3	1	0	2	0	4	0	0	0	35	1	8
1	4	2	0	2	0	5	0	3	0	36	1	8
0	3	2	0	1	1	4	1	3	0	37	1	8
0	0	1	0	0	0	8	0	4	0	38	1	8
0	0	4	0	1	0	3	0	1	0	39	1	8
1	3	1	0	3	1	5	0	7	2	40	1	8
0	0	3	0	4	0	3	0	3	0	41	1	8
2	3	6	0	1	4	10	0	2	0	42	1	8
1	1	5	0	2	0	6	0	1	0	43	1	8
2	2	9	1	1	1	3	1	2	1	44	1	8
1	2	10	2	2	1	8	0	7	0	45	1	8
2	1	6	0	3	2	7	0	4	1	46	1	8
1	1	4	1	3	3	11	1	1	0	47	1	8
0	0	2	0	2	1	6	0	1	0	48	1	8
0	0	1	1	1	0	4	1	1	0	49	1	8
0	0	1	0	3	0	3	0	0	0	50	1	8
1	1	6	1	0	1	8	0	2	0	51	1	8
0	3	11	0	5	0	10	1	3	0	52	1	8
1	5	3	0	3	0	9	0	3	1	53	1	8
1	1	4	0	3	2	7	2	3	0	54	1	8
3	1	5	1	1	2	12	1	3	0	55	1	8
0	0	4	0	1	0	10	1	1	0	56	1	8
0	0	0	0	0	0	0	0	0	0	57	1	8
0	1	1	0	2	0	3	0	1	0	0	1	9
1	1	4	0	2	0	11	0	2	0	1	1	9
1	1	10	0	6	1	9	1	4	0	2	1	9
0	2	3	0	1	0	2	0	3	0	3	1	9
0	0	0	0	0	0	3	0	1	0	4	1	9
1	0	6	1	2	4	14	3	3	0	5	1	9
1	2	5	0	7	1	11	1	1	0	6	1	9
1	1	2	0	0	1	3	0	1	0	7	1	9
0	0	7	2	2	0	6	0	2	0	8	1	9
1	2	5	1	5	1	4	0	1	0	9	1	9
1	2	2	0	0	2	8	1	3	0	10	1	9
0	3	5	0	3	0	6	0	4	1	11	1	9
0	0	2	0	1	0	5	0	4	0	12	1	9
0	0	0	0	0	0	11	0	1	0	13	1	9
2	1	2	0	1	3	6	1	2	0	14	1	9
0	3	7	0	2	1	8	1	3	0	15	1	9
0	0	0	0	0	0	1	0	0	0	16	1	9
0	0	2	0	2	0	6	0	6	1	17	1	9
1	0	8	0	4	0	7	0	5	0	18	1	9
0	1	6	1	1	0	4	0	3	0	19	1	9
1	0	8	0	3	1	2	0	3	0	20	1	9
0	0	0	0	0	0	1	0	0	0	21	1	9
0	0	0	0	0	0	0	0	0	0	22	1	9
0	1	4	0	2	0	10	0	2	0	23	1	9
2	4	10	1	6	2	4	0	4	1	24	1	9
0	1	0	0	1	0	6	0	4	0	25	1	9
1	1	7	1	1	0	14	0	2	1	26	1	9
0	0	1	0	1	0	3	0	2	0	27	1	9
0	1	0	0	0	0	8	0	1	0	28	1	9
0	4	1	0	2	0	13	0	4	1	29	1	9
0	0	0	0	0	0	1	0	0	0	30	1	9
0	0	2	0	0	0	4	0	2	0	31	1	9
1	1	3	0	0	1	6	0	1	0	32	1	9
0	2	1	2	1	1	2	1	2	0	33	1	9
0	0	0	0	1	0	8	0	2	1	34	1	9
0	0	0	0	0	1	1	0	0	0	35	1	9
0	0	3	0	1	1	4	1	0	0	36	1	9
2	2	6	0	3	2	11	0	1	0	37	1	9
0	0	5	1	3	0	9	0	3	0	38	1	9
1	1	2	0	1	1	5	0	4	0	39	1	9
0	1	4	0	2	2	11	1	4	0	40	1	9
0	0	2	0	4	0	11	0	3	1	41	1	9
3	2	3	1	4	2	11	1	6	2	42	1	9
1	0	12	1	7	1	9	0	9	0	43	1	9
1	1	0	0	0	1	2	0	0	0	44	1	9
0	2	1	0	1	0	4	0	1	0	45	1	9
1	1	9	0	7	1	7	0	0	0	46	1	9
1	4	0	0	1	1	3	0	1	0	47	1	9
0	1	0	0	5	0	2	0	1	0	48	1	9
0	0	0	0	1	2	6	0	0	0	49	1	9
2	4	3	0	4	2	4	1	2	0	50	1	9
1	2	2	0	0	1	3	0	2	0	51	1	9
0	0	2	0	0	0	5	0	2	0	52	1	9
1	1	0	0	0	1	0	0	0	0	53	1	9
0	1	2	0	1	0	2	0	0	0	54	1	9
0	2	3	0	2	0	2	0	1	0	55	1	9
0	2	4	0	4	1	5	2	2	1	56	1	9
1	0	4	0	1	1	5	0	0	0	57	1	9
0	0	0	0	0	0	0	0	0	0	58	1	9
0	0	0	0	0	0	0	0	0	0	0	1	10
0	1	0	0	0	0	1	0	0	0	1	1	10
0	0	0	0	3	0	2	0	0	0	2	1	10
0	0	1	0	5	0	2	0	0	0	3	1	10
2	3	6	0	3	2	9	0	2	0	4	1	10
0	1	2	0	1	0	10	0	1	0	5	1	10
0	0	0	0	7	0	2	0	2	0	6	1	10
0	0	0	0	0	0	0	0	0	0	7	1	10
0	1	1	0	2	0	3	0	0	0	8	1	10
0	1	3	1	1	2	2	0	2	0	9	1	10
1	1	3	0	1	3	14	3	1	0	10	1	10
0	0	3	0	1	1	5	1	2	0	11	1	10
0	1	5	1	0	0	8	0	2	0	12	1	10
0	0	4	0	1	0	5	0	2	0	13	1	10
0	0	2	0	3	0	4	0	0	0	14	1	10
0	0	7	0	0	0	3	0	1	0	15	1	10
0	3	2	0	0	0	2	0	3	0	16	1	10
0	0	14	0	0	0	1	0	0	0	17	1	10
0	1	0	1	2	0	4	0	2	0	18	1	10
1	3	3	0	2	0	8	1	5	1	19	1	10
1	1	1	0	2	1	5	0	3	0	20	1	10
1	1	3	1	0	1	3	0	0	0	21	1	10
0	0	6	0	3	1	14	1	4	0	22	1	10
0	2	2	0	0	0	5	0	0	0	23	1	10
3	1	5	0	0	2	5	0	1	0	24	1	10
0	0	4	0	1	0	1	0	1	0	25	1	10
0	1	2	0	4	0	4	0	1	0	26	1	10
1	1	4	0	3	1	8	0	3	0	27	1	10
1	1	1	0	0	1	4	0	1	0	28	1	10
0	0	1	0	1	0	4	0	0	0	29	1	10
0	2	3	0	5	0	15	0	4	0	30	1	10
0	0	3	0	0	0	9	0	0	0	31	1	10
0	0	4	0	0	0	5	0	1	0	32	1	10
0	1	4	0	4	0	14	0	2	1	33	1	10
0	2	2	0	0	0	3	0	1	0	34	1	10
1	1	3	0	1	0	6	1	1	1	35	1	10
0	0	0	0	0	0	0	0	0	0	36	1	10
0	1	0	0	0	0	1	0	0	0	37	1	10
0	0	4	0	0	0	0	0	0	0	38	1	10
2	6	7	0	5	3	5	0	3	0	39	1	10
0	1	11	0	3	0	5	0	1	0	40	1	10
0	0	3	0	0	0	6	0	0	0	41	1	10
0	1	2	0	3	0	3	1	4	0	42	1	10
0	1	4	0	6	0	12	0	2	0	43	1	10
0	0	8	0	4	0	6	0	1	0	44	1	10
0	2	4	0	5	0	5	0	0	0	45	1	10
0	2	2	0	5	0	17	0	1	0	46	1	10
0	0	5	0	1	2	6	2	2	0	47	1	10
0	0	4	0	2	0	6	0	1	0	48	1	10
1	2	3	0	0	1	5	0	7	0	49	1	10
2	3	2	0	2	1	6	0	2	0	50	1	10
1	3	2	0	3	1	1	0	1	0	51	1	10
0	2	1	0	1	0	6	0	0	0	52	1	10
0	0	2	0	0	0	5	0	0	0	53	1	10
0	2	1	0	1	0	2	0	4	0	54	1	10
0	2	0	0	0	0	0	0	0	0	55	1	10
0	0	0	0	0	0	0	0	0	0	56	1	10
0	0	0	0	0	0	5	0	0	0	0	2	1
0	0	1	0	0	0	8	0	6	0	1	2	1
0	0	3	0	3	0	11	0	2	1	2	2	1
0	0	1	0	2	0	8	1	1	0	3	2	1
0	2	7	0	2	1	12	0	3	0	4	2	1
0	0	2	0	0	0	8	0	2	1	5	2	1
2	2	3	0	2	2	11	0	3	1	6	2	1
1	0	6	0	1	0	7	0	0	0	7	2	1
5	2	7	1	2	3	9	1	3	0	8	2	1
0	1	4	0	3	0	8	0	4	0	9	2	1
0	4	5	0	3	0	5	0	4	0	10	2	1
2	2	7	0	2	2	4	0	3	0	11	2	1
0	1	3	0	0	0	1	0	1	0	12	2	1
0	0	4	0	2	0	4	0	2	0	13	2	1
0	3	2	0	3	0	2	0	0	0	14	2	1
0	0	3	0	0	0	4	0	0	0	15	2	1
0	1	1	0	0	0	1	0	1	0	16	2	1
0	0	1	0	1	0	4	0	1	0	17	2	1
1	5	1	0	0	1	7	0	2	0	18	2	1
0	0	0	0	0	0	0	0	0	0	19	2	1
0	0	0	0	2	2	7	2	1	1	20	2	1
0	2	5	0	1	0	16	0	0	0	21	2	1
0	1	2	0	1	0	10	0	2	1	22	2	1
0	1	7	0	3	0	8	1	1	0	23	2	1
1	0	4	0	2	2	8	1	2	0	24	2	1
1	4	6	1	3	2	7	0	2	0	25	2	1
2	1	1	0	1	1	0	0	5	0	26	2	1
0	2	0	0	0	0	3	0	0	0	27	2	1
0	1	0	0	1	0	2	0	1	0	28	2	1
2	2	0	0	0	2	3	0	0	0	29	2	1
1	1	4	0	1	1	2	0	0	0	30	2	1
0	0	3	0	0	1	10	1	7	0	31	2	1
1	2	10	0	6	0	7	0	5	0	32	2	1
1	1	11	0	4	1	10	0	3	0	33	2	1
0	3	1	0	0	0	4	0	2	0	34	2	1
0	0	1	0	1	0	0	0	0	0	35	2	1
0	0	5	0	6	0	6	0	3	0	36	2	1
0	0	5	0	4	0	5	0	0	0	37	2	1
1	0	6	0	0	2	7	1	2	0	38	2	1
0	4	0	0	0	0	3	0	4	0	39	2	1
1	1	2	0	0	0	7	0	5	1	40	2	1
0	0	3	0	2	0	7	0	0	0	41	2	1
2	1	8	3	6	2	12	1	8	0	42	2	1
4	2	4	2	2	4	5	0	2	0	43	2	1
0	1	2	1	1	2	1	1	1	0	44	2	1
1	2	9	1	2	1	7	0	4	0	45	2	1
0	1	2	0	0	0	6	0	0	0	46	2	1
2	0	5	0	4	0	8	0	6	0	47	2	1
1	1	5	0	2	1	9	0	3	0	48	2	1
1	2	2	2	2	2	5	1	2	0	49	2	1
0	1	0	1	1	0	1	0	1	0	50	2	1
0	2	3	2	1	0	6	0	0	0	51	2	1
1	1	6	0	3	1	3	0	0	2	52	2	1
1	0	4	0	4	0	6	0	2	1	53	2	1
0	0	3	0	3	0	6	0	5	1	54	2	1
0	1	2	1	2	0	2	0	0	0	55	2	1
0	0	3	0	1	0	2	0	2	0	56	2	1
0	0	1	2	0	0	2	0	2	0	57	2	1
1	0	1	0	1	1	0	0	0	0	58	2	1
1	2	6	0	4	3	10	1	1	0	0	2	2
1	0	7	0	4	1	5	1	6	0	1	2	2
0	0	0	0	0	0	1	0	0	0	2	2	2
0	0	0	0	0	0	0	0	0	0	3	2	2
0	0	4	0	5	0	6	0	2	0	4	2	2
1	1	4	0	4	1	10	0	7	2	5	2	2
1	1	5	1	2	1	6	0	3	0	6	2	2
0	2	3	1	1	0	10	0	4	1	7	2	2
1	1	2	1	2	1	1	0	1	0	8	2	2
1	1	6	0	2	2	6	0	5	0	9	2	2
1	2	5	0	1	1	6	0	3	0	10	2	2
0	1	4	1	0	1	6	1	2	0	11	2	2
0	0	6	0	1	2	12	1	1	0	12	2	2
2	4	8	1	8	3	12	1	2	1	13	2	2
1	4	7	1	3	3	10	0	4	0	14	2	2
0	0	3	0	2	0	1	0	2	0	15	2	2
1	0	1	0	0	0	2	1	4	1	16	2	2
2	0	3	0	3	2	10	0	2	0	17	2	2
1	0	1	0	2	1	6	0	2	0	18	2	2
0	0	0	0	0	0	1	0	0	0	19	2	2
0	2	0	0	0	0	0	0	0	0	20	2	2
0	0	1	0	1	0	7	0	1	0	21	2	2
0	0	5	0	3	2	12	1	6	0	22	2	2
0	0	5	0	3	0	7	0	4	0	23	2	2
0	1	4	0	2	0	3	0	0	0	24	2	2
0	1	0	0	0	1	3	1	0	0	25	2	2
0	0	1	0	3	0	9	0	4	0	26	2	2
1	0	6	0	2	1	9	0	2	0	27	2	2
0	0	2	0	5	1	7	0	2	0	28	2	2
0	2	2	0	2	0	13	0	1	0	29	2	2
1	2	8	0	4	2	12	1	4	0	30	2	2
3	4	5	2	3	3	7	0	3	0	31	2	2
1	0	4	0	6	1	7	1	2	0	32	2	2
1	0	4	0	4	1	1	0	3	0	33	2	2
0	0	4	1	3	0	4	0	2	0	34	2	2
0	2	2	0	0	1	10	0	9	1	35	2	2
0	4	6	0	2	0	6	0	4	0	36	2	2
0	0	1	1	3	0	6	0	4	1	37	2	2
0	0	3	0	6	1	6	1	3	1	38	2	2
0	0	2	0	1	0	3	0	1	0	39	2	2
0	0	3	0	2	0	9	1	2	0	40	2	2
0	2	7	0	2	0	10	0	1	0	41	2	2
0	1	3	0	2	0	8	0	3	0	42	2	2
2	1	5	0	1	2	8	0	1	0	43	2	2
1	1	8	0	1	0	2	0	1	0	44	2	2
0	1	9	1	5	0	4	0	5	1	45	2	2
0	2	5	0	4	0	8	0	4	0	46	2	2
1	1	11	0	4	2	11	0	3	0	47	2	2
0	2	4	0	3	2	10	4	2	0	48	2	2
5	4	5	0	2	1	10	0	6	4	49	2	2
0	2	7	0	1	0	5	0	4	0	50	2	2
1	5	6	2	3	0	13	1	5	0	51	2	2
1	1	4	1	2	2	10	1	3	0	52	2	2
1	0	3	1	0	2	12	0	1	0	53	2	2
0	0	4	0	0	0	5	0	1	0	54	2	2
0	0	1	0	2	0	5	2	8	0	55	2	2
1	1	2	0	1	1	3	0	0	0	56	2	2
1	1	4	0	4	1	5	0	2	0	57	2	2
0	0	3	0	1	0	2	0	0	0	58	2	2
0	0	1	0	0	0	0	0	0	0	59	2	2
1	3	5	0	6	1	11	0	1	0	0	2	3
0	3	8	0	6	0	4	0	3	0	1	2	3
0	0	0	0	0	0	0	0	1	0	2	2	3
0	0	0	0	0	0	0	0	0	0	3	2	3
0	1	3	0	3	1	4	1	1	0	4	2	3
1	2	2	0	5	1	6	0	1	0	5	2	3
1	0	0	0	1	1	3	0	1	0	6	2	3
0	0	2	0	0	0	3	0	1	0	7	2	3
0	2	1	0	0	0	2	0	2	0	8	2	3
1	2	4	0	0	1	2	0	4	0	9	2	3
2	2	4	0	0	2	10	0	2	0	10	2	3
0	1	2	1	3	0	4	0	2	0	11	2	3
0	0	0	1	0	0	0	0	0	0	12	2	3
1	0	0	0	1	0	1	0	0	0	13	2	3
1	0	4	0	1	0	7	0	2	0	14	2	3
0	0	7	0	4	0	7	0	3	0	15	2	3
3	3	6	0	3	3	5	0	2	0	16	2	3
0	2	2	0	5	0	12	0	1	0	17	2	3
2	2	1	0	2	0	1	0	0	0	18	2	3
2	0	3	0	2	2	3	0	3	0	19	2	3
0	1	1	0	1	0	6	0	4	0	20	2	3
4	3	2	0	2	3	7	0	1	0	21	2	3
1	0	1	1	2	1	4	0	1	0	22	2	3
0	0	5	3	1	0	6	0	4	0	23	2	3
0	2	1	0	4	0	7	0	4	1	24	2	3
1	1	3	0	0	2	3	1	0	0	25	2	3
0	1	2	0	0	0	4	0	1	0	26	2	3
0	0	2	2	1	0	10	0	3	0	27	2	3
0	1	2	2	5	0	6	0	3	0	28	2	3
0	1	1	0	1	0	8	0	1	0	29	2	3
0	0	5	0	0	0	4	0	3	0	30	2	3
1	1	2	0	1	1	7	0	2	0	31	2	3
2	1	7	0	3	2	10	1	4	2	32	2	3
0	1	4	1	0	1	4	1	0	0	33	2	3
1	1	2	0	0	1	4	0	0	0	34	2	3
0	0	3	0	0	0	4	0	2	1	35	2	3
1	1	1	0	0	1	9	0	4	0	36	2	3
0	0	0	0	1	0	2	0	1	0	37	2	3
1	0	2	0	0	1	4	0	0	0	38	2	3
1	0	2	0	0	0	5	0	4	0	39	2	3
2	1	6	0	1	2	5	0	2	0	40	2	3
0	0	0	0	0	0	1	0	0	0	41	2	3
0	1	0	0	0	0	0	0	1	0	42	2	3
2	5	6	0	1	2	4	0	1	0	43	2	3
1	0	6	0	0	0	11	0	2	0	44	2	3
1	2	4	0	2	0	10	0	3	0	45	2	3
2	1	7	1	1	3	6	1	3	0	46	2	3
0	1	3	0	1	0	6	0	1	0	47	2	3
1	2	6	1	4	1	8	0	7	0	48	2	3
0	0	2	0	2	0	3	0	0	0	49	2	3
0	0	1	0	1	0	2	0	4	0	50	2	3
1	0	3	0	1	2	3	0	3	0	51	2	3
0	2	5	1	1	0	6	0	0	0	52	2	3
0	3	2	1	1	0	5	0	2	0	53	2	3
1	0	1	0	1	2	2	1	4	1	54	2	3
0	0	6	0	2	0	4	0	2	1	55	2	3
1	0	0	0	4	0	2	0	0	0	56	2	3
0	0	2	0	1	0	7	0	0	0	57	2	3
0	0	0	0	1	0	1	0	0	0	58	2	3
0	0	2	0	0	0	4	0	1	0	59	2	3
0	0	0	0	0	0	0	0	0	0	60	2	3
0	0	1	0	1	0	7	0	2	0	0	2	4
0	2	0	0	0	0	5	0	4	0	1	2	4
0	0	2	0	1	1	0	0	2	0	2	2	4
1	3	7	1	2	0	4	0	1	0	3	2	4
0	1	4	0	3	1	5	0	2	0	4	2	4
0	0	2	2	0	1	5	0	2	0	5	2	4
1	3	5	1	4	1	13	0	3	0	6	2	4
3	1	5	1	1	3	12	1	1	0	7	2	4
0	2	5	0	3	0	4	0	1	0	8	2	4
0	1	5	1	3	0	13	0	2	0	9	2	4
1	0	7	0	0	1	7	0	0	0	10	2	4
1	0	4	0	3	1	6	0	1	0	11	2	4
0	0	2	0	0	0	10	0	1	1	12	2	4
0	0	1	0	1	0	1	0	1	0	13	2	4
0	0	0	0	0	0	2	0	0	0	14	2	4
0	0	2	0	0	0	5	0	1	0	15	2	4
0	0	0	0	0	0	5	1	2	0	16	2	4
0	1	6	0	3	0	9	0	4	0	17	2	4
0	1	6	1	1	1	7	0	1	0	18	2	4
1	1	5	0	2	1	6	0	0	0	19	2	4
1	1	13	0	1	3	6	0	4	0	20	2	4
0	1	0	0	0	0	1	0	0	0	21	2	4
0	0	0	2	0	0	2	0	0	0	22	2	4
0	2	1	0	0	0	4	0	0	0	23	2	4
0	1	2	0	0	0	1	0	0	0	24	2	4
0	0	6	0	2	0	1	0	6	0	25	2	4
0	0	0	0	3	2	7	1	1	0	26	2	4
0	0	3	0	1	0	3	0	1	0	27	2	4
0	3	5	0	0	0	8	0	0	0	28	2	4
0	0	3	1	1	0	1	0	2	0	29	2	4
0	0	0	0	0	0	3	0	1	0	30	2	4
0	0	0	0	1	0	0	0	0	0	31	2	4
0	3	3	0	0	0	0	0	6	0	32	2	4
0	1	2	0	0	0	3	0	3	0	33	2	4
1	0	1	0	1	1	6	1	5	0	34	2	4
1	2	5	1	3	1	8	0	2	0	35	2	4
0	0	7	4	4	0	4	0	5	0	36	2	4
0	0	5	0	1	1	6	1	5	0	37	2	4
0	0	0	0	0	0	2	0	4	0	38	2	4
0	0	1	0	0	0	6	0	1	0	39	2	4
0	3	4	0	2	0	7	0	2	0	40	2	4
1	1	0	0	0	0	8	0	0	0	41	2	4
0	1	3	0	3	0	8	0	3	0	42	2	4
0	0	3	0	0	0	1	0	2	0	43	2	4
0	0	0	0	1	0	0	0	0	0	44	2	4
0	1	1	0	0	0	2	0	1	0	45	2	4
0	1	4	1	2	1	6	0	0	0	46	2	4
0	0	5	0	5	2	5	1	0	0	47	2	4
1	1	6	0	2	1	13	0	3	0	48	2	4
1	1	3	2	2	1	12	0	4	0	49	2	4
2	2	5	0	2	0	10	2	5	1	50	2	4
0	1	3	0	2	2	5	1	2	0	51	2	4
0	0	2	1	1	1	11	1	1	0	52	2	4
0	6	4	0	2	1	8	1	1	0	53	2	4
1	1	1	0	1	1	6	0	3	0	54	2	4
0	3	3	0	3	2	4	0	0	0	55	2	4
0	1	1	0	3	0	6	0	1	0	56	2	4
0	2	2	0	1	0	4	0	2	2	57	2	4
0	0	0	0	0	0	0	0	2	0	58	2	4
0	0	5	0	1	0	2	0	1	0	0	2	5
0	1	6	0	1	1	7	0	1	0	1	2	5
2	2	0	0	0	2	1	0	1	0	2	2	5
0	1	1	0	0	0	3	0	0	0	3	2	5
2	0	4	2	3	2	2	0	2	0	4	2	5
1	2	4	0	1	0	12	0	2	0	5	2	5
0	0	3	0	1	0	3	0	0	0	6	2	5
0	0	2	1	1	0	8	0	7	0	7	2	5
0	0	10	0	3	0	8	0	1	0	8	2	5
2	0	7	0	0	2	8	1	2	1	9	2	5
0	0	3	0	1	0	5	1	3	0	10	2	5
2	1	7	0	3	2	18	0	3	0	11	2	5
0	0	5	0	2	0	6	0	2	0	12	2	5
1	0	3	0	2	1	7	0	5	0	13	2	5
0	1	3	1	1	0	9	0	3	0	14	2	5
0	1	6	0	1	3	6	0	3	1	15	2	5
0	0	2	0	3	0	0	0	2	0	16	2	5
1	0	1	0	2	1	4	1	3	0	17	2	5
0	1	3	0	1	0	9	0	4	0	18	2	5
0	0	0	0	4	0	12	0	4	0	19	2	5
2	4	3	1	4	2	14	0	3	0	20	2	5
0	0	0	0	0	1	6	1	3	0	21	2	5
0	1	3	3	2	0	4	0	3	0	22	2	5
0	0	0	0	1	0	1	0	0	0	23	2	5
1	1	2	0	7	2	0	0	0	0	24	2	5
0	2	5	0	3	0	7	0	3	0	25	2	5
0	0	4	0	4	0	3	0	3	0	26	2	5
0	0	3	0	1	0	12	0	4	1	27	2	5
1	3	3	0	4	1	4	0	3	0	28	2	5
0	1	0	0	0	0	5	0	3	0	29	2	5
0	2	2	0	1	0	4	0	3	1	30	2	5
0	3	7	0	8	1	4	1	3	0	31	2	5
1	1	5	0	2	2	2	1	0	0	32	2	5
0	0	4	1	0	0	4	0	0	0	33	2	5
1	0	3	0	3	1	5	0	1	0	34	2	5
0	0	0	0	2	0	6	0	2	0	35	2	5
0	0	8	0	2	1	5	0	2	0	36	2	5
1	2	4	0	4	2	9	0	1	0	37	2	5
1	4	5	0	0	1	4	0	5	0	38	2	5
1	0	2	0	0	1	9	0	1	0	39	2	5
0	2	4	1	2	1	7	1	2	1	40	2	5
0	2	0	0	1	0	8	0	1	0	41	2	5
0	0	3	0	3	0	7	0	3	0	42	2	5
0	2	3	2	1	0	8	0	3	0	43	2	5
0	4	4	2	6	0	8	0	5	0	44	2	5
1	3	1	0	1	1	6	0	3	0	45	2	5
0	2	0	1	2	0	4	0	0	0	46	2	5
0	0	3	0	2	0	9	0	2	0	47	2	5
0	0	4	0	2	0	8	0	1	0	48	2	5
2	2	5	0	6	1	8	0	4	1	49	2	5
1	1	5	0	4	1	10	0	4	0	50	2	5
0	0	4	1	0	0	10	0	4	0	51	2	5
2	0	5	2	0	2	8	0	4	0	52	2	5
1	3	8	0	2	1	5	0	4	0	53	2	5
1	4	0	0	2	0	14	0	4	1	54	2	5
1	0	3	1	1	1	12	0	4	0	55	2	5
1	2	0	0	0	1	3	0	2	0	56	2	5
0	0	1	0	0	0	1	0	1	0	57	2	5
0	1	0	0	0	0	0	0	0	0	58	2	5
0	1	0	1	2	0	7	0	2	0	0	2	6
1	2	0	0	0	0	8	0	1	0	1	2	6
0	2	4	0	3	0	9	0	2	0	2	2	6
0	1	2	1	0	0	7	0	4	0	3	2	6
0	1	2	0	0	0	6	0	3	0	4	2	6
2	7	7	1	3	2	7	0	4	0	5	2	6
0	3	3	0	2	0	6	0	0	0	6	2	6
1	3	4	1	3	3	4	0	3	1	7	2	6
0	0	0	2	0	0	0	0	2	0	8	2	6
0	1	3	1	2	1	7	0	6	1	9	2	6
2	5	1	0	1	2	7	0	1	0	10	2	6
2	1	2	0	3	1	3	0	2	1	11	2	6
0	1	6	0	4	0	8	0	5	0	12	2	6
0	0	2	2	1	0	2	0	1	0	13	2	6
0	1	4	0	4	1	9	0	2	0	14	2	6
0	2	8	0	1	0	7	0	4	0	15	2	6
0	1	3	2	3	0	9	0	2	0	16	2	6
0	0	0	0	1	0	0	0	0	0	17	2	6
0	2	3	0	2	0	6	0	4	0	18	2	6
0	0	6	0	2	0	8	0	6	1	19	2	6
0	1	6	0	4	0	1	0	0	0	20	2	6
0	0	0	0	0	0	5	0	0	0	21	2	6
0	0	0	0	0	0	0	0	0	0	22	2	6
0	0	0	0	0	0	0	0	0	0	23	2	6
1	1	5	0	0	3	9	0	4	0	24	2	6
0	0	4	0	1	0	2	0	0	0	25	2	6
0	1	4	0	1	1	10	1	5	0	26	2	6
1	0	2	0	0	0	1	0	0	0	27	2	6
1	1	4	0	0	2	3	0	2	2	28	2	6
2	2	5	0	4	1	2	0	2	1	29	2	6
0	0	0	0	1	0	0	0	2	0	30	2	6
1	0	9	0	5	0	9	0	2	1	31	2	6
0	1	1	0	4	2	19	1	7	0	32	2	6
1	1	7	0	1	0	9	0	1	0	33	2	6
2	1	8	0	2	2	9	0	1	0	34	2	6
1	0	8	2	3	2	7	1	3	0	35	2	6
0	2	3	0	1	1	1	1	4	2	36	2	6
1	1	4	0	0	0	5	0	2	0	37	2	6
0	0	2	0	2	0	4	0	3	0	38	2	6
0	2	3	0	4	0	1	0	2	0	39	2	6
0	0	0	0	0	0	5	0	0	0	40	2	6
0	0	5	0	5	0	8	0	1	0	41	2	6
0	0	2	0	4	0	4	0	2	0	42	2	6
0	0	2	1	2	0	3	0	5	0	43	2	6
0	0	5	0	5	0	3	0	1	0	44	2	6
0	1	1	0	1	0	9	1	1	0	45	2	6
1	2	1	0	0	2	3	0	0	0	46	2	6
0	0	1	0	0	0	1	0	0	0	47	2	6
0	0	0	0	0	0	4	0	0	0	48	2	6
1	4	4	0	4	1	7	0	7	1	49	2	6
2	2	4	0	2	2	7	0	3	0	50	2	6
0	0	0	0	0	0	8	0	1	0	51	2	6
2	0	1	0	1	0	14	0	3	0	52	2	6
1	2	2	0	1	0	7	0	2	0	53	2	6
1	1	1	0	0	1	2	0	0	0	54	2	6
0	2	4	0	3	2	6	2	1	0	55	2	6
1	0	3	0	2	0	4	0	1	0	56	2	6
0	0	0	0	0	0	0	0	0	0	57	2	6
0	1	1	0	1	0	4	0	2	0	0	2	7
1	0	2	0	1	0	1	0	3	1	1	2	7
0	4	3	1	4	1	12	1	4	0	2	2	7
1	5	1	0	1	1	11	1	8	0	3	2	7
0	1	3	0	2	0	4	0	4	1	4	2	7
0	0	1	0	4	0	2	0	2	0	5	2	7
0	0	8	0	6	0	14	0	0	0	6	2	7
0	1	3	0	7	0	4	0	5	0	7	2	7
0	1	2	0	2	1	6	1	4	2	8	2	7
0	1	2	0	1	0	10	0	4	0	9	2	7
3	3	2	0	0	6	5	0	1	0	10	2	7
0	0	3	0	3	0	12	0	3	1	11	2	7
1	5	3	1	4	1	10	0	1	0	12	2	7
0	0	7	1	4	1	9	0	0	0	13	2	7
0	1	4	0	4	0	3	0	2	0	14	2	7
3	0	4	0	2	1	14	0	2	0	15	2	7
0	0	2	0	2	0	14	0	2	0	16	2	7
0	1	10	0	6	0	5	0	5	1	17	2	7
0	1	1	0	3	0	1	0	5	0	18	2	7
0	0	5	1	2	0	9	0	2	0	19	2	7
1	0	2	0	6	1	10	0	0	0	20	2	7
1	1	2	0	1	1	6	1	5	2	21	2	7
0	0	4	0	6	1	8	0	4	0	22	2	7
0	0	2	1	2	0	6	0	2	0	23	2	7
0	6	0	0	0	0	2	0	2	0	24	2	7
0	2	3	0	1	0	9	0	11	0	25	2	7
0	0	0	1	0	1	4	0	4	0	26	2	7
1	1	3	0	0	3	8	0	2	0	27	2	7
2	3	1	0	0	4	5	2	1	0	28	2	7
0	0	0	0	0	0	4	0	1	0	29	2	7
0	0	0	0	1	0	2	0	0	0	30	2	7
0	0	4	0	2	0	3	0	2	0	31	2	7
0	2	4	0	2	0	9	0	3	0	32	2	7
0	0	5	1	2	0	12	0	5	0	33	2	7
0	0	3	0	1	0	8	0	7	0	34	2	7
0	0	2	0	1	0	8	1	1	0	35	2	7
0	0	2	2	1	2	4	2	6	3	36	2	7
0	1	2	3	1	0	9	0	3	1	37	2	7
0	1	6	0	0	0	10	0	3	0	38	2	7
0	1	1	0	0	0	8	0	4	0	39	2	7
1	2	8	0	2	1	6	0	3	0	40	2	7
0	1	0	0	0	0	2	0	0	0	41	2	7
0	0	5	0	1	1	4	0	2	0	42	2	7
0	1	1	1	1	0	1	0	3	0	43	2	7
1	1	5	0	3	2	7	0	3	0	44	2	7
0	0	5	1	2	0	7	0	5	0	45	2	7
0	1	3	0	5	0	1	0	3	0	46	2	7
1	2	4	0	1	0	2	0	2	1	47	2	7
0	2	13	0	2	0	7	0	3	0	48	2	7
0	0	8	1	5	2	10	2	4	0	49	2	7
1	4	3	0	2	2	15	0	2	0	50	2	7
0	0	0	0	1	0	9	0	1	0	51	2	7
2	3	4	0	3	3	7	2	0	0	52	2	7
0	2	5	0	1	0	3	0	1	0	53	2	7
0	1	2	0	3	0	5	0	0	0	54	2	7
0	0	13	0	1	0	8	0	2	1	55	2	7
2	3	3	1	4	0	11	0	8	0	56	2	7
1	0	3	0	1	0	11	0	3	1	57	2	7
0	0	0	0	0	0	0	0	0	0	58	2	7
0	0	1	0	1	0	0	0	0	0	0	2	8
5	3	10	2	4	5	14	0	5	0	1	2	8
2	3	2	1	3	2	9	0	5	0	2	2	8
0	3	2	1	1	0	6	0	3	0	3	2	8
0	2	0	0	0	0	4	0	0	0	4	2	8
0	1	6	0	7	0	7	1	1	0	5	2	8
0	1	1	0	0	0	3	0	0	0	6	2	8
0	0	3	0	3	0	7	0	3	0	7	2	8
0	1	3	1	4	0	10	0	3	0	8	2	8
1	1	2	2	3	2	8	1	8	0	9	2	8
0	0	9	0	3	2	5	0	0	0	10	2	8
0	2	6	0	3	0	3	0	2	0	11	2	8
0	0	5	1	4	0	5	0	2	1	12	2	8
1	0	4	1	4	0	19	0	4	0	13	2	8
1	0	8	0	2	1	3	0	2	0	14	2	8
0	1	7	0	2	2	5	0	3	2	15	2	8
0	2	8	0	5	0	5	0	2	1	16	2	8
1	0	4	0	3	0	6	0	3	1	17	2	8
0	1	4	0	4	0	4	0	6	0	18	2	8
0	0	0	0	0	0	7	0	3	0	19	2	8
0	0	6	0	1	0	10	0	1	0	20	2	8
0	1	6	0	3	0	5	0	2	0	21	2	8
1	4	4	0	2	1	9	1	1	0	22	2	8
0	1	3	1	4	0	12	0	0	0	23	2	8
1	3	4	0	2	0	10	0	1	0	24	2	8
2	0	2	0	1	1	4	1	0	1	25	2	8
0	1	5	0	2	0	3	0	2	2	26	2	8
0	5	5	0	4	0	1	0	3	0	27	2	8
1	1	5	0	7	0	8	0	1	0	28	2	8
1	4	3	0	5	1	4	0	0	0	29	2	8
0	1	4	0	2	2	8	0	1	1	30	2	8
1	1	3	0	1	0	12	0	6	3	31	2	8
1	1	4	0	0	1	7	0	5	0	32	2	8
0	2	4	0	2	0	7	0	5	0	33	2	8
0	0	0	0	0	0	1	0	0	0	34	2	8
0	0	1	0	0	1	4	0	0	0	35	2	8
1	0	1	0	1	0	6	0	1	0	36	2	8
0	2	4	1	1	0	5	2	3	0	37	2	8
1	1	8	1	3	2	7	0	4	0	38	2	8
0	1	7	0	2	0	13	0	2	0	39	2	8
0	0	4	0	1	0	3	0	4	0	40	2	8
0	2	0	0	0	1	1	0	1	0	41	2	8
0	0	7	0	5	1	7	1	2	0	42	2	8
0	1	3	0	2	0	3	0	0	0	43	2	8
0	0	0	0	0	0	1	0	1	0	44	2	8
1	1	1	0	0	1	10	0	5	0	45	2	8
0	0	1	0	0	0	1	0	2	0	46	2	8
4	0	9	1	3	2	10	0	1	0	47	2	8
3	2	4	0	3	2	9	0	3	0	48	2	8
1	1	5	0	1	1	4	0	2	0	49	2	8
0	0	9	1	4	1	4	1	3	0	50	2	8
0	1	7	0	4	0	6	0	4	1	51	2	8
0	6	2	0	2	0	11	0	5	1	52	2	8
0	1	1	0	1	0	5	0	1	0	53	2	8
3	6	2	0	3	2	7	0	4	1	54	2	8
0	0	3	0	2	1	5	0	0	0	55	2	8
0	1	1	0	1	0	3	0	1	0	56	2	8
0	0	1	0	2	0	4	0	4	1	57	2	8
0	0	0	0	0	0	1	0	0	0	58	2	8
0	4	11	0	5	0	7	0	3	1	0	2	9
0	0	4	0	0	0	7	0	2	0	1	2	9
0	0	0	0	0	0	0	0	0	0	2	2	9
0	0	0	0	0	0	1	0	0	0	3	2	9
0	1	2	2	1	0	3	0	2	0	4	2	9
0	3	2	0	1	0	8	0	2	0	5	2	9
1	1	0	0	0	1	2	0	1	0	6	2	9
2	1	2	0	0	1	6	0	4	1	7	2	9
1	1	5	0	0	2	5	1	2	1	8	2	9
0	0	4	0	4	0	9	1	0	0	9	2	9
1	0	4	0	2	0	5	0	2	2	10	2	9
1	1	1	0	2	1	2	0	0	0	11	2	9
1	1	5	0	3	1	5	1	2	1	12	2	9
2	3	3	0	0	1	3	0	1	0	13	2	9
0	3	2	0	2	1	6	0	2	0	14	2	9
1	1	1	0	2	0	14	0	8	1	15	2	9
0	0	4	0	2	0	2	0	1	0	16	2	9
0	2	4	0	1	0	5	0	3	0	17	2	9
0	2	7	0	3	0	7	0	1	0	18	2	9
0	2	3	0	3	0	1	0	2	0	19	2	9
0	1	2	0	2	1	0	0	2	0	20	2	9
1	0	8	0	1	0	11	0	5	0	21	2	9
1	0	3	0	0	1	9	1	0	0	22	2	9
3	0	4	0	3	0	10	0	4	0	23	2	9
1	1	5	1	0	1	9	0	4	1	24	2	9
0	0	2	0	0	0	2	0	4	0	25	2	9
0	0	1	0	1	0	0	0	2	0	26	2	9
0	0	1	0	0	0	0	0	2	0	27	2	9
1	2	1	0	0	1	4	0	1	0	28	2	9
0	1	0	0	0	0	5	1	0	0	29	2	9
0	7	2	0	1	0	9	2	1	0	30	2	9
0	2	4	0	2	0	9	0	12	1	31	2	9
1	3	2	0	3	1	14	0	5	1	32	2	9
0	1	5	0	5	1	3	0	2	0	33	2	9
1	0	1	0	0	0	0	0	1	1	34	2	9
1	1	2	0	1	0	0	0	1	1	35	2	9
0	0	2	0	0	1	4	1	1	0	36	2	9
0	0	2	2	2	1	7	0	1	0	37	2	9
0	0	3	0	1	0	9	0	2	0	38	2	9
3	3	3	0	3	2	5	1	0	0	39	2	9
0	0	0	0	0	0	1	0	0	0	40	2	9
0	0	0	0	0	0	0	0	0	0	41	2	9
5	1	5	0	2	2	2	0	4	4	42	2	9
2	2	0	0	0	2	0	0	0	0	43	2	9
0	0	5	0	4	1	8	1	3	0	44	2	9
0	1	6	0	5	0	4	0	2	0	45	2	9
1	0	3	0	1	0	3	0	6	2	46	2	9
1	0	2	0	0	3	6	0	0	0	47	2	9
3	3	3	0	0	3	8	2	1	0	48	2	9
0	1	2	0	1	0	5	0	0	0	49	2	9
0	0	3	1	0	0	5	0	1	0	50	2	9
0	0	0	0	0	0	1	0	2	0	51	2	9
1	0	8	0	8	0	8	0	1	1	52	2	9
0	3	4	0	0	0	3	0	2	0	53	2	9
0	1	3	0	0	0	4	0	2	1	54	2	9
0	0	1	0	0	0	3	0	2	0	55	2	9
0	0	0	0	0	0	3	0	1	0	56	2	9
0	0	0	0	0	0	9	0	0	0	57	2	9
0	0	0	0	0	0	0	1	0	0	58	2	9
0	3	8	1	9	0	10	0	8	1	0	2	10
1	2	10	0	4	1	10	0	5	0	1	2	10
0	0	0	0	0	0	1	0	0	0	2	2	10
0	0	0	0	0	0	0	0	0	0	3	2	10
0	3	3	1	0	0	6	0	0	0	4	2	10
0	0	5	0	1	0	4	0	1	0	5	2	10
1	2	5	1	0	1	12	0	3	0	6	2	10
0	0	5	1	2	0	13	0	5	0	7	2	10
1	3	9	0	3	1	7	1	5	0	8	2	10
1	3	2	0	1	1	9	0	2	1	9	2	10
0	2	6	4	3	1	10	1	5	0	10	2	10
0	0	2	0	6	0	17	0	1	0	11	2	10
0	1	1	0	0	0	6	0	6	1	12	2	10
1	1	3	0	4	0	6	0	4	1	13	2	10
1	2	4	0	5	0	12	0	6	1	14	2	10
1	0	5	0	3	1	4	1	6	1	15	2	10
0	2	7	0	0	0	13	0	2	0	16	2	10
0	0	1	0	2	0	2	0	1	0	17	2	10
0	0	4	0	1	0	7	0	3	1	18	2	10
0	2	5	0	0	0	8	0	1	1	19	2	10
6	8	1	0	1	5	7	1	4	1	20	2	10
1	3	4	1	2	1	2	0	1	0	21	2	10
1	1	5	0	0	1	4	0	1	0	22	2	10
0	1	5	0	5	0	7	0	3	0	23	2	10
0	2	4	1	1	0	10	1	6	0	24	2	10
2	4	6	1	4	0	13	0	7	2	25	2	10
2	1	8	4	1	2	7	0	4	2	26	2	10
1	0	5	0	4	0	3	1	2	0	27	2	10
4	7	8	0	5	3	8	3	6	2	28	2	10
1	5	6	1	1	0	7	0	8	1	29	2	10
0	3	9	1	4	0	8	0	2	0	30	2	10
0	4	3	0	3	1	6	0	5	0	31	2	10
3	2	6	0	2	2	6	0	3	1	32	2	10
2	3	3	0	0	1	7	0	1	1	33	2	10
1	1	2	1	0	1	2	1	1	0	34	2	10
0	0	0	0	0	0	0	0	0	0	35	2	10
0	0	0	0	0	0	3	0	0	0	36	2	10
0	0	1	0	1	0	0	0	1	0	37	2	10
0	1	6	0	3	0	9	0	7	0	38	2	10
0	3	6	0	2	0	8	0	2	0	39	2	10
0	0	0	0	0	0	2	0	0	0	40	2	10
0	0	1	0	0	0	4	0	0	0	41	2	10
1	3	6	0	2	2	5	1	1	0	42	2	10
0	1	3	0	0	0	6	0	3	0	43	2	10
0	0	0	0	0	0	2	0	0	0	44	2	10
0	0	3	2	0	0	2	0	4	0	45	2	10
0	0	0	1	0	0	0	0	1	0	46	2	10
1	0	5	0	3	1	9	1	2	0	47	2	10
0	0	1	0	0	0	4	0	1	0	48	2	10
0	1	2	0	2	0	2	0	2	0	49	2	10
0	0	1	0	0	0	0	0	0	0	50	2	10
0	1	1	0	0	0	4	0	1	0	51	2	10
0	0	2	0	0	0	7	0	0	0	52	2	10
1	1	0	0	0	1	1	0	2	0	53	2	10
0	1	0	0	0	0	11	0	1	1	54	2	10
0	0	0	0	0	0	0	0	0	0	55	2	10
0	0	0	0	0	0	0	0	0	0	0	3	1
0	0	1	0	0	0	0	0	0	0	1	3	1
0	0	0	0	0	0	1	0	0	0	2	3	1
1	2	3	0	0	1	7	0	0	0	3	3	1
0	0	0	0	0	0	0	0	0	0	4	3	1
0	0	0	0	0	0	0	0	0	0	5	3	1
0	0	2	0	2	0	7	0	0	0	6	3	1
0	0	1	0	1	0	9	0	0	0	7	3	1
0	2	0	0	2	0	5	0	3	0	8	3	1
0	0	0	0	3	0	8	0	0	0	9	3	1
0	1	6	0	4	0	7	0	2	0	10	3	1
0	0	1	0	0	0	3	0	0	0	11	3	1
0	1	3	0	3	0	5	0	1	0	12	3	1
0	0	2	0	0	0	4	0	1	0	13	3	1
0	1	5	0	2	0	1	0	0	0	14	3	1
1	1	2	1	1	2	4	0	4	1	15	3	1
1	1	4	1	2	2	13	0	6	0	16	3	1
0	1	2	0	3	2	10	1	0	0	17	3	1
4	2	9	0	6	3	8	0	4	0	18	3	1
0	0	3	0	1	1	6	0	1	0	19	3	1
0	0	1	0	0	0	0	0	3	0	20	3	1
0	0	0	0	0	0	0	0	1	0	21	3	1
0	2	4	0	0	0	3	0	3	0	22	3	1
4	4	6	0	2	4	5	1	1	0	23	3	1
0	3	3	0	2	0	5	0	2	0	24	3	1
1	2	1	1	0	0	5	0	1	0	25	3	1
0	0	0	0	1	1	3	1	2	0	26	3	1
0	0	6	0	2	0	5	0	0	0	27	3	1
0	0	2	2	0	1	3	0	0	0	28	3	1
0	3	0	0	0	0	7	0	0	0	29	3	1
0	0	5	3	0	0	9	0	9	1	30	3	1
1	2	6	1	1	2	5	1	2	3	31	3	1
1	2	5	1	1	1	2	0	2	1	32	3	1
3	2	7	2	2	3	5	1	1	0	33	3	1
0	1	1	1	1	0	3	0	2	0	34	3	1
2	3	3	0	1	2	14	0	2	0	35	3	1
0	1	4	0	2	0	2	0	2	0	36	3	1
0	0	6	3	5	0	5	0	4	1	37	3	1
0	0	1	0	2	0	3	0	0	0	38	3	1
0	0	0	0	0	0	1	0	0	0	39	3	1
2	3	1	0	0	1	11	0	4	0	40	3	1
0	1	0	0	1	0	4	0	0	0	41	3	1
2	4	4	0	2	1	5	0	3	0	42	3	1
0	1	3	0	4	0	3	0	3	0	43	3	1
0	0	4	0	1	0	4	0	1	0	44	3	1
0	0	2	0	4	0	7	0	2	0	45	3	1
0	3	1	0	1	0	5	0	0	0	46	3	1
1	2	1	0	0	0	6	0	3	0	47	3	1
1	2	7	1	3	1	13	0	2	0	48	3	1
0	0	5	1	1	0	12	0	1	1	49	3	1
0	0	4	0	2	0	8	0	2	1	50	3	1
1	3	1	1	0	1	1	0	0	0	51	3	1
0	0	1	0	2	0	1	0	1	0	52	3	1
1	1	3	0	2	1	4	0	0	0	53	3	1
1	0	8	0	0	1	1	0	0	0	54	3	1
1	1	6	0	5	1	4	0	2	0	55	3	1
0	0	1	0	2	1	8	1	1	0	56	3	1
1	1	0	0	0	1	0	0	0	0	57	3	1
0	1	7	1	2	0	3	0	1	0	58	3	1
0	0	0	0	0	0	0	0	0	0	59	3	1
0	1	8	0	5	0	11	0	6	0	0	3	2
1	1	3	1	0	1	5	0	1	0	1	3	2
0	0	0	0	0	0	0	0	0	0	2	3	2
0	0	1	0	1	0	0	0	0	0	3	3	2
0	4	2	0	1	0	1	0	5	0	4	3	2
0	1	6	1	0	0	4	0	1	0	5	3	2
0	2	5	0	2	0	6	1	3	1	6	3	2
0	0	3	0	1	0	5	0	2	0	7	3	2
0	0	7	0	3	1	7	1	5	1	8	3	2
0	2	4	0	3	1	9	1	3	0	9	3	2
1	1	4	0	2	2	10	0	5	1	10	3	2
0	0	4	0	3	1	6	1	2	0	11	3	2
0	1	6	0	0	0	10	0	3	1	12	3	2
0	1	7	0	3	0	10	0	0	1	13	3	2
0	0	1	0	2	0	7	0	3	0	14	3	2
0	0	6	1	4	0	3	0	0	0	15	3	2
0	1	2	0	5	0	5	0	2	0	16	3	2
1	2	8	0	1	1	19	3	5	0	17	3	2
0	1	7	1	2	0	6	0	3	0	18	3	2
0	1	2	0	2	0	14	0	4	0	19	3	2
2	1	4	1	3	1	14	1	0	0	20	3	2
1	1	4	1	1	1	9	0	0	0	21	3	2
1	1	4	0	1	3	9	0	2	0	22	3	2
1	0	8	0	4	1	2	0	1	0	23	3	2
2	3	6	1	2	3	3	0	3	0	24	3	2
0	1	5	1	3	1	5	1	3	0	25	3	2
2	1	2	0	1	0	13	0	6	1	26	3	2
3	3	2	0	0	2	4	0	2	0	27	3	2
0	2	2	0	2	0	2	0	0	0	28	3	2
0	2	0	0	0	0	1	0	1	0	29	3	2
0	3	1	0	0	0	8	0	4	0	30	3	2
0	4	2	0	0	0	3	0	1	0	31	3	2
0	1	0	0	1	0	1	0	0	0	32	3	2
0	0	2	0	0	0	2	0	1	0	33	3	2
1	2	6	0	0	1	12	0	4	2	34	3	2
0	1	1	0	0	0	8	0	0	0	35	3	2
0	0	1	0	2	1	3	1	0	2	36	3	2
0	2	6	0	3	0	5	0	8	1	37	3	2
0	0	3	0	0	0	5	0	1	0	38	3	2
3	1	2	0	3	2	5	1	6	2	39	3	2
0	1	1	0	3	2	14	1	4	0	40	3	2
0	0	2	0	1	0	1	0	0	2	41	3	2
0	2	2	0	3	0	8	0	2	1	42	3	2
0	1	4	1	3	1	8	0	0	0	43	3	2
1	1	8	0	4	1	7	0	1	0	44	3	2
2	0	3	0	0	1	4	0	2	0	45	3	2
0	1	4	0	1	0	2	0	1	0	46	3	2
0	2	0	0	0	0	17	0	3	0	47	3	2
2	0	2	0	0	0	4	0	1	0	48	3	2
1	1	0	0	0	1	1	0	1	0	49	3	2
1	2	2	0	2	1	15	0	2	0	50	3	2
0	0	4	0	0	0	9	0	2	0	51	3	2
2	3	5	0	4	1	10	0	5	1	52	3	2
0	0	6	0	3	0	2	0	2	1	53	3	2
2	1	6	0	3	0	6	1	4	2	54	3	2
0	2	2	0	0	0	8	0	1	0	55	3	2
0	1	2	0	1	0	1	0	2	0	56	3	2
0	2	0	0	1	0	5	0	0	0	57	3	2
1	1	8	0	4	0	9	0	3	0	58	3	2
0	0	0	0	0	0	0	0	0	0	59	3	2
2	4	5	0	0	2	8	0	5	0	0	3	3
2	4	2	0	2	0	4	1	2	1	1	3	3
0	0	0	0	0	0	0	0	0	0	2	3	3
2	1	7	0	0	2	11	0	0	0	3	3	3
1	0	5	0	0	1	10	0	3	0	4	3	3
0	1	6	0	4	2	8	0	3	0	5	3	3
0	0	2	0	0	0	5	0	1	0	6	3	3
0	0	2	0	2	1	16	0	3	0	7	3	3
1	2	6	0	2	2	10	1	4	2	8	3	3
0	1	6	1	2	0	15	0	2	0	9	3	3
0	1	11	0	3	0	13	0	1	0	10	3	3
1	5	8	0	3	2	17	0	0	0	11	3	3
1	1	6	0	2	1	9	0	3	1	12	3	3
2	0	1	1	0	1	4	1	0	1	13	3	3
2	5	1	0	2	2	5	0	2	0	14	3	3
0	2	6	0	2	0	7	0	0	0	15	3	3
0	1	2	0	1	0	3	0	1	0	16	3	3
0	1	4	0	0	0	6	0	1	0	17	3	3
0	0	0	0	1	0	0	0	0	0	18	3	3
0	4	2	1	6	1	3	0	5	0	19	3	3
1	3	0	0	1	1	5	0	3	0	20	3	3
0	0	1	0	0	0	3	1	1	0	21	3	3
0	2	2	0	2	1	5	1	1	0	22	3	3
0	3	1	0	1	0	5	0	5	1	23	3	3
0	0	0	0	0	0	2	0	1	0	24	3	3
0	0	0	0	0	0	2	0	0	0	25	3	3
0	0	2	0	0	1	1	1	0	0	26	3	3
0	3	3	0	0	0	0	0	2	0	27	3	3
0	2	4	0	1	0	5	0	0	0	28	3	3
2	2	2	0	3	1	7	0	2	0	29	3	3
4	7	4	1	8	3	11	0	4	0	30	3	3
3	2	1	0	2	0	10	0	1	0	31	3	3
1	0	3	0	3	1	4	0	0	0	32	3	3
3	1	6	0	0	3	6	0	1	0	33	3	3
0	0	1	0	0	0	4	0	1	0	34	3	3
1	4	5	2	3	2	14	1	3	0	35	3	3
2	3	6	1	3	3	6	1	0	0	36	3	3
0	2	2	0	2	0	7	0	1	0	37	3	3
1	1	3	0	0	0	14	0	3	1	38	3	3
3	4	7	0	2	3	8	0	0	0	39	3	3
0	0	2	0	3	0	9	0	2	0	40	3	3
0	0	7	1	2	0	9	1	2	1	41	3	3
0	3	1	0	0	0	6	0	2	0	42	3	3
0	3	5	0	1	0	13	0	1	0	43	3	3
0	0	0	0	0	0	0	1	0	0	44	3	3
0	0	0	0	0	0	2	0	0	0	45	3	3
1	0	1	0	0	0	0	0	2	1	46	3	3
0	0	0	0	0	0	0	0	0	0	47	3	3
0	3	4	1	2	0	2	0	3	0	48	3	3
1	0	2	0	1	0	3	0	5	0	49	3	3
1	2	2	0	2	0	2	0	1	0	50	3	3
1	1	7	0	3	1	8	0	5	1	51	3	3
2	1	4	0	3	3	9	1	0	0	52	3	3
1	1	5	0	1	0	4	1	1	1	53	3	3
0	0	1	0	1	0	5	0	3	0	54	3	3
0	0	7	1	2	0	8	0	2	0	55	3	3
0	0	1	1	0	0	0	0	0	0	56	3	3
0	1	5	0	2	0	12	1	1	1	0	3	4
0	0	3	1	1	0	3	0	4	0	1	3	4
0	0	0	0	0	0	0	0	0	0	2	3	4
0	0	3	0	1	0	2	0	5	1	3	3	4
0	1	1	0	1	0	3	0	1	0	4	3	4
0	0	0	0	0	0	2	0	0	0	5	3	4
1	0	1	2	1	0	7	0	4	0	6	3	4
2	0	7	0	4	2	6	0	1	0	7	3	4
1	2	5	0	2	1	6	1	4	0	8	3	4
1	1	8	0	2	1	6	0	0	0	9	3	4
1	0	2	0	1	0	4	1	4	1	10	3	4
0	1	4	0	4	0	14	0	1	0	11	3	4
0	0	0	0	0	0	8	0	1	0	12	3	4
0	0	0	0	0	0	1	0	2	0	13	3	4
0	1	10	0	4	0	6	0	4	0	14	3	4
0	2	3	0	2	4	10	1	2	1	15	3	4
0	3	3	3	3	1	2	1	3	0	16	3	4
1	2	8	1	1	1	12	0	6	0	17	3	4
1	4	9	0	1	2	8	1	2	0	18	3	4
0	2	2	0	1	0	8	0	0	0	19	3	4
0	1	6	0	5	0	3	0	3	0	20	3	4
0	2	12	0	4	0	6	0	2	0	21	3	4
0	0	3	0	3	0	4	0	4	0	22	3	4
1	0	4	0	0	1	11	0	5	0	23	3	4
0	1	3	0	2	1	2	0	1	0	24	3	4
1	0	2	0	0	1	1	0	2	0	25	3	4
0	2	0	0	0	0	2	0	0	0	26	3	4
1	2	1	0	1	2	8	0	2	1	27	3	4
0	0	0	0	0	0	2	0	0	0	28	3	4
4	2	3	0	0	2	7	0	0	0	29	3	4
0	0	2	2	1	0	8	0	3	0	30	3	4
0	2	5	1	5	0	9	0	6	0	31	3	4
0	0	5	3	2	0	13	0	4	0	32	3	4
2	0	5	1	2	2	7	0	2	0	33	3	4
3	3	4	0	4	4	13	1	7	0	34	3	4
0	0	6	0	2	0	13	0	4	1	35	3	4
0	0	5	0	2	0	7	0	0	0	36	3	4
3	3	4	1	1	2	14	1	3	1	37	3	4
1	1	6	1	2	1	15	0	2	0	38	3	4
0	2	4	1	1	0	6	0	0	0	39	3	4
1	2	3	0	1	0	10	0	1	0	40	3	4
0	2	3	0	1	0	7	0	0	1	41	3	4
2	2	3	1	2	0	4	0	1	0	42	3	4
2	1	5	1	3	1	2	0	5	1	43	3	4
0	2	0	0	0	0	3	0	1	0	44	3	4
1	0	0	0	0	0	4	0	0	0	45	3	4
1	2	0	1	1	1	5	0	7	1	46	3	4
2	4	5	0	0	2	9	0	0	0	47	3	4
1	6	7	1	0	0	5	0	6	0	48	3	4
2	4	6	0	4	0	5	0	2	1	49	3	4
0	1	1	1	3	0	6	0	3	0	50	3	4
0	2	1	0	1	0	3	0	2	0	51	3	4
1	1	5	0	2	1	2	0	2	0	52	3	4
0	0	0	0	0	0	0	0	1	0	53	3	4
0	0	0	0	0	0	0	0	0	0	54	3	4
0	0	0	0	0	0	0	0	0	0	55	3	4
0	0	0	0	0	0	0	0	0	0	56	3	4
1	1	11	1	3	2	7	1	3	1	0	3	5
0	2	0	0	0	0	2	0	0	1	1	3	5
0	0	1	0	1	0	2	0	1	0	2	3	5
0	0	0	0	0	0	0	0	0	0	3	3	5
0	0	0	0	0	0	0	0	0	0	4	3	5
1	1	2	0	2	0	6	1	0	1	5	3	5
0	1	6	0	2	0	3	0	2	1	6	3	5
1	1	3	0	3	0	6	0	1	0	7	3	5
2	0	1	0	2	0	0	1	2	1	8	3	5
0	0	0	0	1	0	0	0	2	0	9	3	5
0	1	3	0	2	0	6	0	2	0	10	3	5
0	1	3	0	3	1	11	1	3	0	11	3	5
1	2	2	0	1	1	3	0	3	1	12	3	5
1	0	2	0	1	2	3	0	1	0	13	3	5
0	1	3	1	1	0	2	0	2	0	14	3	5
2	2	3	0	1	0	3	0	1	0	15	3	5
0	0	3	0	0	0	8	0	2	0	16	3	5
1	3	5	1	5	2	19	0	10	1	17	3	5
3	4	8	2	2	3	15	0	5	0	18	3	5
1	3	7	1	2	0	13	0	3	0	19	3	5
0	4	5	0	4	1	10	0	2	0	20	3	5
0	0	6	4	2	0	1	0	1	0	21	3	5
0	1	4	0	2	0	6	0	1	0	22	3	5
2	2	8	0	2	3	7	1	3	0	23	3	5
5	6	10	0	3	5	3	0	2	0	24	3	5
3	1	4	0	2	1	7	0	1	0	25	3	5
0	2	2	0	1	0	0	0	1	0	26	3	5
0	0	2	1	1	0	5	0	3	0	27	3	5
2	0	8	1	2	0	7	0	9	1	28	3	5
0	2	2	0	3	0	2	0	2	0	29	3	5
0	0	2	0	2	1	3	1	0	0	30	3	5
0	2	3	0	4	3	7	3	0	0	31	3	5
0	1	2	1	1	0	4	0	0	0	32	3	5
1	0	2	0	0	1	3	1	1	0	33	3	5
2	0	3	0	1	1	6	0	0	0	34	3	5
0	0	1	0	0	0	3	0	0	0	35	3	5
1	3	1	0	0	0	7	0	4	0	36	3	5
1	0	6	0	2	1	6	0	5	1	37	3	5
2	1	5	1	1	4	5	2	3	0	38	3	5
0	0	3	2	2	0	2	0	2	0	39	3	5
0	2	4	0	4	0	4	0	1	0	40	3	5
0	1	2	0	1	0	5	0	1	0	41	3	5
0	1	3	1	3	0	11	0	0	1	42	3	5
1	1	3	0	2	1	6	0	6	2	43	3	5
2	3	6	0	3	2	8	0	3	0	44	3	5
2	0	0	0	1	1	3	0	0	0	45	3	5
0	2	5	0	1	0	0	1	0	0	46	3	5
3	1	9	1	6	2	11	1	6	1	47	3	5
1	0	6	1	1	0	9	0	0	0	48	3	5
2	1	1	1	2	2	7	0	2	0	49	3	5
0	0	9	2	4	0	6	0	6	0	50	3	5
1	1	5	0	0	0	8	0	2	0	51	3	5
0	2	4	0	4	0	11	1	2	0	52	3	5
0	1	3	3	0	0	8	0	4	1	53	3	5
0	0	6	0	1	2	11	3	4	0	54	3	5
2	1	5	1	1	4	14	1	2	0	55	3	5
2	3	4	2	4	2	12	0	5	1	56	3	5
0	1	5	0	2	0	2	0	0	0	57	3	5
0	0	0	0	0	0	7	0	1	0	58	3	5
0	0	0	0	0	0	0	0	0	0	59	3	5
0	2	0	0	0	0	1	0	2	0	0	3	6
0	1	0	0	1	0	3	0	2	0	1	3	6
2	1	1	1	0	2	2	0	4	0	2	3	6
0	0	4	0	1	4	2	4	4	0	3	3	6
0	0	3	0	1	0	5	2	5	0	4	3	6
1	2	3	0	4	2	9	5	13	1	5	3	6
0	1	3	0	0	0	8	1	1	0	6	3	6
0	0	0	0	0	0	2	0	0	0	7	3	6
0	0	1	1	0	0	1	0	0	0	8	3	6
0	4	2	0	2	0	8	0	4	0	9	3	6
0	0	2	0	3	0	5	0	2	0	10	3	6
0	3	3	0	2	0	4	0	0	0	11	3	6
1	0	3	0	1	1	2	1	2	1	12	3	6
0	2	1	0	2	0	7	0	5	1	13	3	6
0	0	1	0	1	0	2	0	2	0	14	3	6
0	0	0	0	0	0	2	0	0	0	15	3	6
0	2	2	0	5	0	1	0	0	0	16	3	6
1	0	3	0	1	0	1	0	3	1	17	3	6
1	3	1	0	1	1	3	0	1	0	18	3	6
0	3	2	0	2	0	3	0	0	0	19	3	6
0	1	3	1	2	0	7	0	1	0	20	3	6
1	6	3	0	2	1	3	0	5	0	21	3	6
0	0	1	0	0	1	1	0	0	0	22	3	6
0	0	0	0	0	0	0	0	1	1	23	3	6
0	2	2	0	0	0	2	0	0	0	24	3	6
0	3	0	0	1	0	8	0	3	0	25	3	6
1	1	1	0	0	0	8	0	2	0	26	3	6
1	1	1	0	0	0	3	0	2	1	27	3	6
1	2	2	0	0	1	2	0	3	0	28	3	6
0	0	1	0	1	0	2	0	0	0	29	3	6
4	0	3	0	0	0	5	0	0	0	30	3	6
2	1	4	0	1	1	8	1	3	1	31	3	6
3	3	4	0	1	3	5	0	2	0	32	3	6
0	2	4	0	4	1	2	1	4	0	33	3	6
2	2	5	0	3	6	9	4	2	0	34	3	6
0	1	8	0	3	0	5	0	2	0	35	3	6
3	3	11	0	1	2	5	0	4	1	36	3	6
0	0	7	1	1	0	10	0	3	0	37	3	6
0	1	13	1	3	0	8	0	1	0	38	3	6
0	0	5	2	6	1	7	1	1	0	39	3	6
0	0	4	0	3	1	8	1	2	0	40	3	6
0	0	8	1	3	0	6	0	2	0	41	3	6
1	1	3	0	1	2	3	0	2	0	42	3	6
0	0	0	0	0	0	0	0	0	0	43	3	6
1	0	0	0	0	0	0	0	0	0	44	3	6
0	0	1	0	0	0	3	0	0	0	45	3	6
0	1	2	1	2	1	4	2	1	0	46	3	6
0	0	1	0	1	2	5	1	1	0	47	3	6
1	1	7	5	0	0	6	1	3	1	48	3	6
1	1	5	0	2	1	7	0	1	0	49	3	6
1	0	4	0	2	0	6	0	2	2	50	3	6
0	0	5	2	1	0	5	0	1	0	51	3	6
1	2	4	0	2	1	3	0	5	0	52	3	6
2	1	0	0	0	1	7	0	2	0	53	3	6
2	2	3	0	4	2	3	0	5	0	54	3	6
0	1	1	0	0	0	11	0	2	0	55	3	6
0	1	1	0	1	0	4	0	2	0	56	3	6
0	0	0	0	0	0	0	0	0	0	57	3	6
1	3	5	0	2	3	8	1	4	1	0	3	7
0	1	6	0	1	0	3	0	2	0	1	3	7
0	0	1	0	0	0	1	0	1	0	2	3	7
0	1	3	0	4	0	9	0	8	0	3	3	7
2	0	1	0	0	0	5	0	3	0	4	3	7
0	1	4	0	4	1	12	1	2	0	5	3	7
0	0	1	0	0	0	2	0	1	0	6	3	7
2	1	3	0	1	2	5	1	1	1	7	3	7
1	1	1	0	1	1	4	0	1	0	8	3	7
1	0	1	0	1	0	5	1	6	2	9	3	7
0	1	3	0	2	0	9	0	3	0	10	3	7
0	0	3	1	1	0	14	0	3	0	11	3	7
0	0	11	1	1	1	14	0	3	0	12	3	7
1	2	5	0	12	2	18	0	1	0	13	3	7
0	1	4	0	4	1	13	1	3	0	14	3	7
1	1	9	1	5	0	10	0	8	1	15	3	7
0	0	5	0	1	0	4	0	1	0	16	3	7
0	1	3	0	1	0	8	0	0	0	17	3	7
0	1	6	1	1	0	4	0	5	0	18	3	7
0	1	3	1	1	0	4	0	3	0	19	3	7
0	0	5	0	3	1	3	0	1	0	20	3	7
0	0	4	0	3	0	5	0	4	1	21	3	7
1	4	3	0	2	1	10	0	0	0	22	3	7
1	3	7	0	5	1	9	1	1	0	23	3	7
1	1	3	0	0	1	9	0	3	0	24	3	7
0	0	2	1	2	0	6	0	1	0	25	3	7
1	1	1	1	3	0	17	0	5	2	26	3	7
1	0	1	0	5	0	1	0	4	1	27	3	7
0	1	2	0	0	0	8	0	2	0	28	3	7
0	1	4	0	2	0	1	0	2	0	29	3	7
0	3	3	0	4	0	9	0	3	0	30	3	7
2	1	0	1	2	2	6	0	2	0	31	3	7
1	0	2	0	0	1	3	0	1	0	32	3	7
0	2	2	0	1	0	1	0	0	0	33	3	7
0	1	5	0	0	0	9	0	3	0	34	3	7
0	0	0	0	0	0	4	0	0	0	35	3	7
1	1	0	0	0	1	1	0	2	0	36	3	7
0	0	3	0	1	0	3	0	3	0	37	3	7
0	1	0	0	0	0	5	0	1	0	38	3	7
0	0	1	0	1	0	2	0	6	2	39	3	7
0	0	2	0	0	0	3	4	0	0	40	3	7
0	3	2	0	7	0	17	0	3	0	41	3	7
1	0	3	1	0	1	7	0	0	0	42	3	7
1	2	3	0	2	0	5	0	4	0	43	3	7
0	3	0	0	0	0	5	0	2	0	44	3	7
0	0	5	0	1	1	14	1	0	0	45	3	7
0	3	6	1	2	0	14	0	1	0	46	3	7
0	1	3	1	1	0	4	0	1	0	47	3	7
0	2	3	0	2	0	7	0	1	0	48	3	7
2	3	5	0	7	2	14	0	4	1	49	3	7
0	1	3	0	3	0	8	0	5	0	50	3	7
2	4	1	0	2	2	6	0	1	0	51	3	7
1	2	5	1	3	1	8	0	2	0	52	3	7
3	4	9	4	4	0	10	0	3	3	53	3	7
1	1	1	0	0	0	4	0	2	1	54	3	7
1	2	3	1	0	1	2	0	1	0	55	3	7
0	0	0	0	0	0	0	0	0	0	56	3	7
0	0	0	0	0	0	0	0	0	0	57	3	7
0	1	6	1	4	0	9	0	4	0	0	3	8
3	3	4	0	4	3	9	0	4	0	1	3	8
0	0	0	0	0	0	0	0	0	0	2	3	8
0	0	0	0	0	0	0	0	0	0	3	3	8
0	0	0	0	1	0	3	0	0	0	4	3	8
2	0	4	0	5	1	11	0	3	0	5	3	8
2	0	8	0	1	0	4	0	5	2	6	3	8
0	0	10	0	4	0	9	0	8	4	7	3	8
1	0	3	0	3	1	6	0	4	2	8	3	8
3	4	12	0	5	3	12	0	3	0	9	3	8
0	1	3	0	0	1	12	1	3	1	10	3	8
0	0	3	0	0	0	6	0	0	0	11	3	8
0	0	2	0	2	0	8	0	2	0	12	3	8
1	3	4	0	1	0	4	0	3	1	13	3	8
0	1	1	0	0	1	4	0	4	0	14	3	8
1	4	6	1	9	1	5	0	2	0	15	3	8
0	1	6	0	8	0	11	0	4	0	16	3	8
3	2	4	0	5	2	5	0	1	0	17	3	8
3	1	2	1	0	1	5	0	8	4	18	3	8
4	3	5	0	4	3	9	0	9	2	19	3	8
0	0	1	0	0	0	1	0	0	0	20	3	8
0	1	2	1	4	0	6	0	0	0	21	3	8
0	1	4	0	0	0	8	0	4	0	22	3	8
0	1	3	0	2	1	12	1	3	0	23	3	8
0	0	5	2	3	0	5	0	3	0	24	3	8
0	1	1	0	0	0	3	1	0	0	25	3	8
0	0	0	0	0	0	1	0	0	0	26	3	8
0	0	1	0	0	0	0	0	0	0	27	3	8
0	2	1	0	3	0	3	1	0	0	28	3	8
0	0	4	0	2	0	5	0	2	0	29	3	8
0	2	2	0	0	0	9	0	4	0	30	3	8
0	0	7	1	2	0	0	0	3	0	31	3	8
0	2	0	0	0	0	5	0	0	0	32	3	8
0	0	0	0	0	0	4	0	2	0	33	3	8
0	3	2	0	0	0	3	0	0	0	34	3	8
0	0	0	0	0	0	1	0	0	0	35	3	8
0	0	10	0	0	0	2	0	0	0	36	3	8
0	0	1	0	0	0	3	0	0	0	37	3	8
0	1	7	0	5	0	7	0	1	1	38	3	8
0	1	0	0	0	0	2	0	0	0	39	3	8
0	0	7	2	1	0	10	0	3	1	40	3	8
1	2	4	4	2	0	6	0	2	2	41	3	8
1	2	5	0	3	1	4	0	3	1	42	3	8
0	0	0	0	0	0	2	0	0	0	43	3	8
0	0	5	0	1	0	4	0	1	0	44	3	8
1	0	0	1	0	0	4	0	1	1	45	3	8
0	0	1	0	0	0	4	0	1	0	46	3	8
0	3	2	0	0	1	9	0	2	0	47	3	8
0	0	1	0	2	0	9	0	2	0	48	3	8
0	0	2	0	3	0	4	0	4	0	49	3	8
0	0	2	0	0	0	1	0	0	0	50	3	8
0	0	0	0	0	0	0	0	0	0	51	3	8
0	0	1	0	0	0	1	0	1	0	52	3	8
1	1	0	0	0	1	5	0	1	0	53	3	8
0	0	2	0	2	0	7	0	3	0	54	3	8
0	0	3	2	1	0	2	0	1	0	55	3	8
0	0	0	0	0	0	1	0	0	0	56	3	8
0	0	0	0	0	0	0	0	0	0	57	3	8
0	0	0	0	0	0	1	0	0	0	58	3	8
0	0	0	0	0	0	0	0	0	0	59	3	8
1	1	7	0	1	0	11	0	2	0	0	3	9
0	0	10	0	1	0	6	0	0	0	1	3	9
0	0	0	1	0	0	1	0	1	1	2	3	9
0	0	2	0	2	0	2	0	0	0	3	3	9
1	3	0	0	0	3	3	0	3	0	4	3	9
0	0	2	0	1	0	3	0	3	0	5	3	9
5	0	1	0	0	0	13	0	0	0	6	3	9
0	1	6	0	4	0	11	1	4	0	7	3	9
0	1	1	0	0	2	5	1	1	0	8	3	9
0	0	1	0	0	0	12	0	2	0	9	3	9
0	1	2	1	1	0	11	0	4	1	10	3	9
0	0	2	1	4	0	3	0	1	0	11	3	9
2	1	6	0	1	1	7	0	2	0	12	3	9
1	0	5	0	2	1	6	0	1	0	13	3	9
0	0	2	0	0	0	5	0	2	0	14	3	9
1	1	1	0	1	0	10	1	1	1	15	3	9
0	2	3	0	4	1	8	0	0	1	16	3	9
1	2	2	0	2	1	5	0	0	0	17	3	9
0	5	4	0	2	0	5	0	3	0	18	3	9
0	1	3	0	3	0	6	0	5	0	19	3	9
0	0	0	0	0	0	0	0	0	0	20	3	9
0	0	3	0	0	0	3	0	1	1	21	3	9
0	0	1	0	1	1	7	0	1	0	22	3	9
0	0	4	1	0	2	0	1	1	0	23	3	9
0	4	5	0	1	0	1	0	9	0	24	3	9
0	15	1	0	0	1	2	0	15	0	25	3	9
0	2	0	0	0	0	5	0	3	0	26	3	9
1	0	5	0	0	0	3	0	2	0	27	3	9
1	2	1	0	0	1	4	0	2	0	28	3	9
0	0	0	0	1	0	1	0	0	0	29	3	9
0	1	0	0	0	0	0	0	0	0	30	3	9
0	0	1	0	0	0	0	0	2	0	31	3	9
0	0	1	0	0	0	4	0	0	0	32	3	9
0	0	0	0	0	0	2	0	0	0	33	3	9
0	0	0	0	0	0	1	0	0	0	34	3	9
0	0	0	0	1	0	1	0	1	0	35	3	9
0	0	1	0	1	0	0	1	0	0	36	3	9
1	1	3	1	0	1	4	0	2	0	37	3	9
0	2	2	0	1	0	9	0	3	0	38	3	9
1	1	2	0	1	1	7	0	2	0	39	3	9
1	4	2	1	1	1	11	0	2	0	40	3	9
0	0	0	0	0	0	1	0	1	0	41	3	9
0	1	0	0	0	0	1	0	0	0	42	3	9
1	3	2	0	0	1	6	0	2	0	43	3	9
2	0	8	0	5	1	12	0	3	0	44	3	9
1	0	5	0	1	1	5	0	0	0	45	3	9
0	0	0	8	1	0	1	0	0	0	46	3	9
0	1	2	3	3	0	6	0	0	0	47	3	9
0	0	4	1	4	0	2	0	5	0	48	3	9
0	0	0	0	0	0	0	0	0	0	49	3	9
1	0	0	0	0	0	1	1	4	1	50	3	9
0	0	2	0	0	0	4	0	2	0	51	3	9
0	0	0	1	0	0	2	0	1	0	52	3	9
0	0	0	0	0	0	0	0	0	0	53	3	9
0	0	0	0	0	0	0	0	0	0	54	3	9
0	1	3	0	0	0	2	0	0	0	55	3	9
1	1	2	0	0	0	1	0	3	0	56	3	9
0	0	1	0	0	0	0	0	0	0	57	3	9
0	0	0	0	0	0	0	0	0	0	58	3	9
2	2	4	1	1	3	5	1	2	0	0	3	10
0	1	2	0	1	0	4	0	0	0	1	3	10
0	0	10	0	0	0	0	0	0	0	2	3	10
0	0	2	0	2	0	15	0	6	0	3	3	10
1	1	5	3	3	0	6	0	4	0	4	3	10
0	1	5	0	4	0	6	1	1	0	5	3	10
3	3	8	0	2	3	13	0	5	1	6	3	10
0	0	2	0	0	0	5	0	1	0	7	3	10
1	1	6	1	5	2	3	0	2	1	8	3	10
2	6	5	2	2	2	9	3	0	0	9	3	10
0	2	13	4	4	0	12	0	4	0	10	3	10
0	0	2	0	0	0	0	0	0	0	11	3	10
0	3	5	0	0	0	5	0	8	0	12	3	10
0	4	5	2	2	1	6	1	3	0	13	3	10
4	5	6	1	3	3	9	0	7	1	14	3	10
1	1	0	0	3	1	11	0	1	0	15	3	10
1	2	0	0	1	1	10	0	3	2	16	3	10
0	2	3	0	1	0	3	0	2	0	17	3	10
0	1	1	0	0	0	7	0	0	0	18	3	10
0	1	0	0	0	0	1	0	1	0	19	3	10
0	3	7	0	0	0	1	0	7	0	20	3	10
0	3	1	0	0	0	7	0	4	0	21	3	10
0	0	0	1	0	0	2	0	2	0	22	3	10
1	1	1	1	0	1	4	1	0	0	23	3	10
2	0	7	0	3	2	2	0	1	1	24	3	10
0	2	2	1	0	0	5	0	7	1	25	3	10
0	1	1	0	2	0	2	0	0	0	26	3	10
0	1	0	0	0	0	5	0	3	0	27	3	10
0	0	4	0	2	1	3	0	3	0	28	3	10
1	1	5	0	3	1	6	0	3	0	29	3	10
1	3	4	0	2	1	5	0	1	0	30	3	10
1	1	7	2	5	1	12	0	2	0	31	3	10
0	2	3	2	1	0	10	0	8	1	32	3	10
0	0	1	0	1	0	4	0	0	0	33	3	10
0	1	6	0	5	0	12	0	3	0	34	3	10
0	0	1	0	1	0	9	0	5	0	35	3	10
0	1	1	0	1	0	9	0	2	0	36	3	10
3	1	2	0	0	1	8	0	3	2	37	3	10
0	0	3	0	2	0	4	0	1	0	38	3	10
0	0	0	2	0	0	6	0	5	0	39	3	10
0	0	5	0	3	0	4	0	4	1	40	3	10
0	0	2	0	5	0	3	0	1	0	41	3	10
1	1	5	0	1	1	9	0	1	0	42	3	10
0	0	1	0	0	1	12	1	2	0	43	3	10
0	1	2	0	4	0	3	0	0	0	44	3	10
3	5	12	0	3	3	12	0	2	0	45	3	10
0	2	2	0	2	1	7	0	1	0	46	3	10
0	1	6	0	2	0	6	0	3	0	47	3	10
0	0	1	0	0	0	3	0	2	0	48	3	10
0	0	1	1	1	1	1	0	1	0	49	3	10
0	1	0	1	1	0	3	1	0	0	50	3	10
1	2	9	0	3	2	8	1	4	0	51	3	10
4	3	5	0	0	4	4	0	1	0	52	3	10
2	2	1	0	0	1	10	0	1	0	53	3	10
0	0	0	0	0	0	0	0	0	0	54	3	10
0	0	1	0	0	0	3	0	0	0	55	3	10
0	0	0	0	0	0	0	0	0	0	56	3	10
0	0	0	0	0	0	0	0	0	0	57	3	10
1	2	5	0	1	0	5	0	3	0	0	4	1
0	0	1	1	2	0	5	0	3	0	1	4	1
0	0	0	0	0	0	1	0	0	0	2	4	1
0	0	0	0	0	0	0	0	0	0	3	4	1
0	0	1	0	0	0	1	0	0	0	4	4	1
1	1	7	1	1	2	13	1	5	0	5	4	1
1	5	14	3	2	1	5	1	9	2	6	4	1
0	1	2	1	2	0	3	0	1	0	7	4	1
1	3	9	0	2	0	4	0	5	1	8	4	1
1	2	13	0	3	1	2	0	2	0	9	4	1
1	2	3	0	2	1	3	1	3	1	10	4	1
0	1	2	0	1	0	10	0	5	0	11	4	1
0	1	1	0	5	0	4	0	2	0	12	4	1
0	0	2	0	3	1	7	1	0	0	13	4	1
1	1	6	2	5	1	7	0	2	0	14	4	1
0	0	6	0	0	0	5	0	3	1	15	4	1
0	0	16	1	5	0	6	0	2	0	16	4	1
2	2	4	0	2	2	10	0	1	0	17	4	1
0	0	1	0	0	0	0	0	1	0	18	4	1
0	0	1	0	0	0	1	0	0	0	19	4	1
0	0	0	0	0	1	7	1	1	0	20	4	1
0	0	1	0	1	0	4	0	3	0	21	4	1
0	0	1	0	3	0	4	0	1	0	22	4	1
2	4	9	1	3	0	8	0	4	0	23	4	1
0	1	3	0	1	0	7	0	1	0	24	4	1
1	2	3	1	2	0	12	0	5	1	25	4	1
0	0	5	0	1	0	5	0	1	0	26	4	1
0	1	5	0	1	0	11	0	3	0	27	4	1
0	4	7	2	0	0	7	0	4	0	28	4	1
0	0	4	0	0	0	9	0	0	0	29	4	1
0	0	4	1	5	0	5	1	2	0	30	4	1
2	0	2	0	1	0	3	0	2	1	31	4	1
1	2	2	0	2	4	7	0	2	0	32	4	1
0	2	2	1	0	0	5	0	1	0	33	4	1
2	1	1	0	2	0	12	0	2	0	34	4	1
0	2	8	1	7	0	11	0	1	0	35	4	1
1	2	9	0	5	1	8	0	3	0	36	4	1
1	1	7	0	3	0	4	0	2	0	37	4	1
0	1	7	0	2	1	9	1	8	0	38	4	1
0	1	5	0	4	1	6	1	1	0	39	4	1
2	3	9	0	4	3	9	1	2	0	40	4	1
0	2	7	0	1	1	9	2	2	0	41	4	1
0	1	6	0	0	0	7	0	0	0	42	4	1
0	0	3	0	1	0	9	0	4	0	43	4	1
0	2	2	0	2	0	1	0	1	0	44	4	1
1	4	6	0	2	3	8	2	3	1	45	4	1
0	0	0	0	0	0	0	0	0	0	46	4	1
0	1	7	0	0	1	12	0	5	0	47	4	1
0	0	1	0	3	0	4	0	4	0	48	4	1
0	2	5	1	3	0	8	0	2	0	49	4	1
1	0	3	0	1	0	7	0	1	1	50	4	1
0	1	1	0	1	0	2	0	0	0	51	4	1
1	2	3	0	0	1	15	0	2	0	52	4	1
2	0	6	1	1	0	7	0	3	1	53	4	1
0	0	5	0	4	0	4	0	3	0	54	4	1
1	1	2	1	3	0	2	0	1	1	55	4	1
0	0	0	0	0	0	0	0	0	0	56	4	1
0	0	1	0	1	0	3	0	0	0	57	4	1
0	0	0	0	0	0	0	0	0	0	58	4	1
0	0	0	0	0	0	0	0	0	0	59	4	1
1	5	6	0	1	1	6	0	0	0	0	4	2
0	0	4	1	1	0	9	0	1	0	1	4	2
0	0	0	0	0	0	0	0	0	0	2	4	2
0	1	1	0	0	0	1	0	0	0	3	4	2
3	2	4	0	3	2	11	0	4	0	4	4	2
0	1	2	0	1	2	7	1	2	0	5	4	2
2	1	6	0	3	2	4	0	3	1	6	4	2
1	1	2	0	2	0	6	0	2	1	7	4	2
1	1	5	0	3	2	7	1	0	0	8	4	2
1	0	1	2	1	0	2	1	3	1	9	4	2
0	0	1	0	1	0	7	0	4	0	10	4	2
1	0	3	0	2	1	7	0	3	0	11	4	2
0	0	1	0	0	0	4	0	3	0	12	4	2
0	0	0	0	2	1	3	0	0	0	13	4	2
0	2	1	0	0	0	6	0	1	0	14	4	2
2	0	6	3	4	0	4	0	5	1	15	4	2
1	0	11	2	1	1	10	0	6	1	16	4	2
0	0	5	0	0	0	10	0	4	0	17	4	2
1	2	2	0	0	1	7	0	3	0	18	4	2
2	0	4	0	4	0	10	0	1	0	19	4	2
0	0	2	0	1	0	9	0	4	0	20	4	2
0	0	3	0	6	0	9	0	7	0	21	4	2
0	0	1	0	0	0	2	0	0	0	22	4	2
0	0	2	0	1	0	4	2	1	0	23	4	2
1	3	2	0	3	1	4	1	2	1	24	4	2
2	2	3	0	4	1	6	2	5	0	25	4	2
0	1	4	0	3	1	4	1	1	0	26	4	2
5	7	1	0	4	5	8	2	2	1	27	4	2
1	1	0	0	0	0	0	1	2	1	28	4	2
0	2	5	0	1	2	3	0	2	1	29	4	2
0	1	0	0	0	0	0	0	1	0	30	4	2
0	0	0	0	0	0	1	0	0	0	31	4	2
0	0	0	0	0	0	1	0	0	0	32	4	2
0	0	1	0	0	0	5	1	4	0	33	4	2
2	3	7	1	0	2	11	0	4	0	34	4	2
1	0	2	0	1	0	7	1	3	1	35	4	2
3	2	7	1	5	2	8	1	4	1	36	4	2
0	4	3	0	1	0	7	0	2	0	37	4	2
1	3	3	0	0	1	5	0	0	0	38	4	2
1	1	6	0	2	1	5	0	2	0	39	4	2
1	3	3	0	3	1	16	0	4	0	40	4	2
0	1	8	0	4	0	9	0	2	1	41	4	2
0	1	7	0	6	0	12	0	1	0	42	4	2
0	2	2	0	0	0	5	0	1	0	43	4	2
0	0	7	0	4	0	15	0	4	1	44	4	2
0	1	3	0	6	0	8	0	2	0	45	4	2
2	3	6	0	1	2	0	0	0	0	46	4	2
0	0	4	0	0	0	6	0	1	0	47	4	2
0	0	1	0	0	0	3	0	0	0	48	4	2
2	0	3	0	1	0	12	0	5	0	49	4	2
1	0	3	0	0	2	5	0	4	0	50	4	2
1	1	2	0	0	1	6	0	7	0	51	4	2
0	1	1	0	0	0	2	0	0	0	52	4	2
0	0	0	0	0	0	2	0	0	0	53	4	2
0	1	1	0	0	0	5	0	1	0	54	4	2
0	0	2	0	2	1	4	0	1	0	55	4	2
0	0	1	0	0	0	1	0	0	0	56	4	2
0	0	4	0	0	0	0	0	0	0	57	4	2
0	0	0	0	0	0	8	0	0	0	58	4	2
0	0	0	0	0	0	0	1	0	0	59	4	2
0	0	0	0	0	0	0	0	0	0	0	4	3
0	0	0	0	0	0	0	0	0	0	1	4	3
0	0	0	0	0	0	2	0	0	0	2	4	3
0	0	0	0	1	0	0	0	0	0	3	4	3
0	2	2	1	1	1	6	0	1	0	4	4	3
1	0	4	0	4	0	5	0	5	0	5	4	3
1	0	2	1	1	1	10	0	3	0	6	4	3
2	3	15	1	4	3	12	0	2	0	7	4	3
0	2	7	0	0	1	9	0	2	0	8	4	3
1	4	7	0	4	2	8	5	3	0	9	4	3
0	1	5	0	0	0	8	0	1	0	10	4	3
0	2	7	1	4	0	12	0	7	0	11	4	3
2	4	12	1	0	2	9	0	2	0	12	4	3
0	0	2	0	1	0	2	0	0	0	13	4	3
0	1	3	0	0	0	8	0	0	0	14	4	3
3	1	4	0	3	1	4	0	1	0	15	4	3
0	0	2	0	0	0	4	0	0	0	16	4	3
0	1	6	0	1	1	9	1	4	1	17	4	3
1	1	4	0	1	1	4	1	4	0	18	4	3
2	1	6	2	1	1	2	1	2	1	19	4	3
1	4	1	0	0	0	10	1	1	1	20	4	3
1	1	5	1	2	1	12	0	5	0	21	4	3
0	0	0	1	0	1	3	0	2	0	22	4	3
0	4	6	0	4	1	6	0	4	0	23	4	3
3	0	1	0	0	2	6	0	1	1	24	4	3
1	0	2	0	3	1	10	0	0	0	25	4	3
0	0	2	0	0	0	2	0	1	0	26	4	3
0	1	2	0	1	0	3	0	1	0	27	4	3
4	10	11	2	4	4	15	0	6	0	28	4	3
0	3	3	0	2	0	10	0	3	1	29	4	3
0	0	3	0	0	0	8	0	0	0	30	4	3
0	1	3	0	2	0	6	3	1	0	31	4	3
1	1	1	1	2	0	7	0	3	1	32	4	3
0	0	1	0	0	0	2	0	2	0	33	4	3
0	0	0	0	0	0	2	0	0	0	34	4	3
3	3	2	0	3	4	12	1	7	0	35	4	3
2	1	2	1	2	0	9	0	4	3	36	4	3
1	2	6	1	1	1	11	1	2	0	37	4	3
2	3	9	1	5	1	11	0	2	0	38	4	3
2	1	6	0	1	2	2	0	0	0	39	4	3
0	2	9	0	2	1	6	1	1	1	40	4	3
0	3	2	0	1	0	8	0	1	0	41	4	3
1	2	6	1	0	1	6	1	3	1	42	4	3
0	1	5	0	4	3	7	2	6	1	43	4	3
1	0	5	0	2	1	11	0	4	2	44	4	3
1	6	6	0	1	0	13	0	4	0	45	4	3
0	2	2	0	1	0	2	0	0	0	46	4	3
0	0	1	0	0	0	3	0	0	0	47	4	3
0	2	5	0	1	0	2	0	2	0	48	4	3
1	3	4	0	3	3	9	2	1	0	49	4	3
0	2	0	0	1	0	7	0	3	0	50	4	3
0	0	2	0	3	0	4	0	2	0	51	4	3
0	0	0	0	0	0	0	0	0	0	52	4	3
0	0	5	0	4	1	4	1	2	0	53	4	3
0	2	2	0	1	1	11	1	3	2	54	4	3
1	2	4	0	4	2	5	0	6	0	55	4	3
0	0	0	0	0	0	0	0	0	0	56	4	3
0	0	0	0	0	0	0	0	0	0	57	4	3
0	0	0	0	0	0	0	0	0	0	58	4	3
0	0	0	0	0	0	0	0	0	0	59	4	3
0	0	0	0	0	0	0	0	0	0	60	4	3
0	0	0	0	0	0	1	0	0	0	0	4	4
0	0	0	0	0	0	1	0	0	0	1	4	4
3	2	0	2	0	4	4	1	5	0	2	4	4
0	1	3	0	0	0	3	0	1	0	3	4	4
0	0	0	0	0	0	0	0	0	0	4	4	4
0	0	0	0	0	0	0	0	0	0	5	4	4
0	0	0	0	0	0	0	0	0	0	6	4	4
0	0	0	0	0	0	0	0	0	0	7	4	4
0	0	2	0	2	0	3	0	1	0	8	4	4
0	0	1	0	0	0	3	1	0	0	9	4	4
1	0	1	0	0	0	3	1	1	2	10	4	4
2	1	5	0	1	1	9	0	2	0	11	4	4
0	3	2	1	2	0	4	0	2	0	12	4	4
0	3	6	0	0	0	7	0	4	1	13	4	4
1	0	10	0	2	1	8	0	3	0	14	4	4
0	2	4	3	1	0	5	0	2	0	15	4	4
0	0	5	0	0	0	1	0	4	0	16	4	4
1	0	5	0	2	2	7	1	2	0	17	4	4
0	2	2	0	3	0	6	0	4	1	18	4	4
0	0	5	2	2	0	14	0	2	0	19	4	4
1	3	8	0	2	3	8	0	3	1	20	4	4
0	0	6	0	4	1	8	1	0	0	21	4	4
0	2	0	0	0	0	6	1	1	0	22	4	4
1	1	1	0	0	1	7	0	2	0	23	4	4
1	1	4	0	1	2	5	1	2	0	24	4	4
0	0	4	0	0	0	3	0	0	0	25	4	4
2	1	3	1	1	2	5	1	2	1	26	4	4
2	3	6	0	4	2	11	2	5	1	27	4	4
0	1	3	0	1	0	5	0	2	0	28	4	4
0	0	1	0	3	0	1	0	0	0	29	4	4
0	0	6	0	0	0	4	0	1	0	30	4	4
1	2	2	0	1	0	7	1	1	1	31	4	4
0	0	3	0	0	0	4	0	1	0	32	4	4
0	0	7	1	1	0	0	0	1	0	33	4	4
0	3	1	0	2	0	2	0	1	0	34	4	4
0	0	0	0	2	0	2	0	1	0	35	4	4
0	1	1	0	3	0	7	0	2	0	36	4	4
0	1	0	0	0	0	1	0	0	0	37	4	4
0	1	4	1	0	0	4	0	6	1	38	4	4
0	0	3	0	2	0	3	0	3	1	39	4	4
0	0	2	0	0	0	2	0	1	0	40	4	4
1	2	6	1	5	2	6	0	1	0	41	4	4
0	0	0	0	1	0	0	0	2	0	42	4	4
1	0	6	0	3	0	2	0	1	1	43	4	4
4	2	5	0	2	0	7	0	8	4	44	4	4
6	1	9	0	3	3	4	1	5	5	45	4	4
1	10	0	0	2	0	5	0	2	1	46	4	4
0	0	0	0	0	0	2	0	0	0	47	4	4
0	0	0	0	0	0	0	0	0	0	48	4	4
2	0	0	0	0	0	0	0	3	2	49	4	4
0	1	0	0	0	0	2	0	1	0	50	4	4
0	3	1	0	0	0	5	0	5	0	51	4	4
0	4	0	0	0	0	1	0	5	0	52	4	4
1	1	2	0	0	0	1	0	2	1	53	4	4
0	2	4	1	0	1	10	0	3	0	54	4	4
1	0	1	0	1	0	6	0	5	1	55	4	4
0	0	0	0	0	0	0	0	0	0	56	4	4
0	0	0	0	0	0	0	0	0	0	57	4	4
0	0	0	0	0	0	0	0	0	0	58	4	4
0	0	0	0	0	0	0	0	0	0	59	4	4
0	0	0	0	0	0	1	0	0	0	0	4	5
1	1	9	1	3	1	3	0	2	0	1	4	5
0	0	0	0	0	0	3	0	0	0	2	4	5
0	0	2	0	0	0	4	0	1	0	3	4	5
0	0	4	0	2	0	8	0	5	0	4	4	5
0	1	3	0	3	0	9	0	4	0	5	4	5
0	1	6	0	0	0	8	0	2	0	6	4	5
3	3	7	0	4	3	5	0	4	0	7	4	5
1	0	2	0	2	1	5	0	4	0	8	4	5
0	0	2	0	3	0	1	0	4	0	9	4	5
0	0	1	0	0	0	7	0	1	0	10	4	5
0	2	3	0	2	0	3	0	4	2	11	4	5
0	1	2	1	2	0	4	0	3	2	12	4	5
0	0	4	2	2	0	3	0	0	0	13	4	5
0	2	4	0	2	2	8	2	5	0	14	4	5
2	1	11	1	4	3	3	1	4	0	15	4	5
0	2	5	0	2	0	7	0	2	0	16	4	5
0	0	3	1	1	0	6	1	3	0	17	4	5
1	1	1	0	0	1	1	0	1	0	18	4	5
1	1	6	0	2	1	5	0	6	0	19	4	5
1	2	6	0	0	1	8	0	2	0	20	4	5
0	0	2	0	4	0	5	0	3	0	21	4	5
1	2	5	2	0	2	8	1	0	0	22	4	5
2	1	5	0	3	0	5	0	2	1	23	4	5
1	0	2	0	1	0	1	0	2	1	24	4	5
0	3	6	0	1	0	11	0	2	1	25	4	5
0	1	5	2	0	0	9	0	4	0	26	4	5
2	4	9	3	1	2	16	0	7	0	27	4	5
2	1	3	0	2	1	6	0	4	0	28	4	5
1	0	2	0	3	1	5	0	5	0	29	4	5
0	1	0	0	2	1	8	1	0	0	30	4	5
1	1	2	0	1	0	6	1	2	1	31	4	5
1	2	3	0	3	0	12	0	6	1	32	4	5
1	1	1	0	0	0	2	0	2	1	33	4	5
0	2	3	1	0	2	8	0	3	0	34	4	5
0	2	5	0	2	0	8	0	2	0	35	4	5
0	0	2	1	3	0	7	0	1	0	36	4	5
1	1	2	0	3	0	4	2	1	1	37	4	5
0	0	2	0	0	0	6	0	0	0	38	4	5
1	1	3	0	1	1	1	0	2	0	39	4	5
0	1	0	0	1	0	3	0	0	1	40	4	5
0	0	0	0	0	0	1	0	0	0	41	4	5
0	1	2	0	0	0	5	0	0	0	42	4	5
0	1	1	0	0	0	2	0	2	0	43	4	5
1	0	3	0	2	0	7	0	2	0	44	4	5
1	8	0	0	1	1	5	0	11	1	45	4	5
0	3	2	0	1	0	9	0	2	0	46	4	5
0	0	2	0	0	1	13	0	1	0	47	4	5
0	3	0	0	0	0	0	0	0	0	48	4	5
1	4	2	0	2	1	0	0	4	0	49	4	5
0	7	0	0	0	0	0	0	7	0	50	4	5
2	5	1	0	0	0	2	0	5	0	51	4	5
0	3	0	0	1	0	5	0	2	0	52	4	5
0	0	2	0	1	0	4	0	5	0	53	4	5
0	0	0	0	0	0	1	0	1	0	54	4	5
1	1	2	0	1	1	2	1	0	1	55	4	5
1	0	0	0	0	0	0	1	0	1	56	4	5
0	0	3	0	3	0	4	0	1	0	57	4	5
0	1	0	0	0	0	0	0	0	0	58	4	5
0	0	0	0	0	0	0	0	0	0	59	4	5
1	2	10	1	2	1	13	0	4	0	0	4	6
1	2	2	1	2	1	8	2	4	0	1	4	6
0	0	0	0	0	0	0	0	0	0	2	4	6
0	0	0	0	0	1	5	2	1	0	3	4	6
0	0	3	0	1	0	1	0	1	0	4	4	6
0	3	9	0	3	0	5	0	2	0	5	4	6
1	2	4	0	5	1	5	0	3	0	6	4	6
2	2	8	0	3	2	8	0	4	1	7	4	6
2	4	7	0	4	2	6	0	7	0	8	4	6
1	0	4	1	1	1	6	0	3	0	9	4	6
0	0	3	0	1	0	7	0	1	0	10	4	6
0	2	1	0	1	0	4	0	3	0	11	4	6
1	1	2	2	1	1	3	1	2	0	12	4	6
0	0	1	0	0	0	0	0	0	0	13	4	6
0	0	0	0	0	0	1	0	0	0	14	4	6
0	1	1	1	0	0	1	0	2	0	15	4	6
0	0	0	0	0	0	1	0	1	0	16	4	6
2	3	4	0	0	2	3	0	4	0	17	4	6
0	0	1	0	0	0	1	0	3	0	18	4	6
0	0	0	0	0	0	0	0	0	0	19	4	6
0	0	0	0	0	0	1	0	1	0	20	4	6
0	1	0	0	1	0	2	0	3	0	21	4	6
0	0	0	0	0	0	0	0	0	0	22	4	6
0	0	3	0	1	1	7	0	1	0	23	4	6
0	0	1	0	0	0	0	0	0	0	24	4	6
1	0	4	1	3	1	11	1	6	1	25	4	6
0	0	1	0	2	0	9	1	2	0	26	4	6
0	3	5	0	2	0	7	0	3	0	27	4	6
0	0	3	0	0	0	12	0	1	0	28	4	6
3	3	6	1	2	3	10	1	5	1	29	4	6
3	3	5	1	3	4	10	1	1	0	30	4	6
0	1	3	0	2	0	4	0	2	0	31	4	6
1	1	1	0	0	2	3	0	2	0	32	4	6
0	1	4	0	5	0	14	0	4	0	33	4	6
0	0	1	0	1	0	1	0	0	0	34	4	6
0	0	1	0	0	0	0	0	0	0	35	4	6
0	0	5	0	3	0	2	0	3	0	36	4	6
0	1	2	0	0	0	0	0	2	0	37	4	6
1	1	9	1	1	2	4	0	3	0	38	4	6
1	1	3	0	0	1	7	0	1	0	39	4	6
0	1	7	0	0	0	5	0	4	0	40	4	6
0	2	6	0	1	0	2	0	1	0	41	4	6
0	0	4	0	1	0	6	0	2	0	42	4	6
2	1	7	1	0	2	5	0	2	1	43	4	6
0	0	0	0	1	1	3	0	2	0	44	4	6
3	0	8	0	1	1	5	0	0	0	45	4	6
1	2	7	3	0	1	10	0	3	0	46	4	6
0	0	5	1	2	0	3	1	2	1	47	4	6
0	0	2	0	0	0	2	1	3	0	48	4	6
0	0	2	0	0	0	0	0	0	0	49	4	6
0	1	4	1	3	0	6	0	3	0	50	4	6
3	0	9	0	1	0	7	0	4	0	51	4	6
5	0	2	0	1	0	8	0	3	2	52	4	6
0	0	2	1	0	0	5	0	1	0	53	4	6
0	0	2	0	0	0	5	0	1	0	54	4	6
3	3	2	0	0	3	8	0	2	0	55	4	6
0	1	2	0	1	0	1	0	0	0	56	4	6
0	0	0	0	0	0	0	0	0	0	57	4	6
0	0	0	0	0	0	1	0	0	0	0	4	7
2	1	1	0	1	2	10	0	5	0	1	4	7
2	1	5	2	0	2	6	0	1	1	2	4	7
0	1	3	1	1	2	10	1	2	0	3	4	7
1	0	3	0	1	0	5	0	2	0	4	4	7
0	1	0	0	0	0	2	2	1	0	5	4	7
0	2	1	0	0	0	0	0	0	0	6	4	7
0	0	2	0	0	0	7	0	3	0	7	4	7
0	0	1	0	0	0	6	0	3	0	8	4	7
0	1	2	0	0	0	4	0	1	0	9	4	7
2	1	3	0	1	0	5	0	3	2	10	4	7
1	2	4	0	0	0	4	0	2	2	11	4	7
0	3	2	0	1	0	0	0	1	0	12	4	7
3	3	7	0	3	2	7	2	8	2	13	4	7
2	2	2	0	1	2	5	0	2	0	14	4	7
0	0	1	0	0	0	1	0	0	0	15	4	7
0	0	6	0	3	1	10	1	3	0	16	4	7
0	2	2	0	2	0	7	0	6	2	17	4	7
2	3	9	0	1	2	5	0	7	4	18	4	7
0	2	1	0	1	0	10	0	1	0	19	4	7
0	0	2	0	1	1	6	1	1	0	20	4	7
1	1	1	0	2	1	4	0	3	0	21	4	7
0	1	5	0	3	0	4	0	1	0	22	4	7
0	0	0	0	0	0	2	0	0	0	23	4	7
0	0	1	0	1	0	6	0	0	0	24	4	7
3	2	2	0	2	3	7	0	0	0	25	4	7
1	1	3	0	4	1	9	0	0	0	26	4	7
2	2	0	2	0	3	4	1	3	0	27	4	7
0	2	1	0	1	1	4	0	2	0	28	4	7
0	0	7	1	4	0	9	0	4	0	29	4	7
4	3	8	0	7	2	14	0	8	1	30	4	7
0	3	6	0	2	1	10	0	5	1	31	4	7
1	0	1	0	0	0	4	0	4	1	32	4	7
0	0	1	0	0	0	6	0	2	0	33	4	7
2	1	2	1	1	1	4	0	3	0	34	4	7
0	0	2	1	0	1	1	0	2	0	35	4	7
0	0	2	1	4	0	5	0	3	0	36	4	7
0	3	2	0	3	0	8	0	1	0	37	4	7
1	0	6	1	3	1	11	2	2	1	38	4	7
0	0	0	0	7	0	9	0	1	0	39	4	7
0	2	6	0	2	1	10	1	5	0	40	4	7
1	3	3	0	1	0	5	0	2	0	41	4	7
2	0	2	0	1	1	1	0	3	0	42	4	7
0	0	8	0	1	0	8	0	2	0	43	4	7
0	1	3	0	3	0	9	0	4	0	44	4	7
1	2	4	1	3	1	8	0	2	0	45	4	7
0	0	4	0	1	0	4	0	6	2	46	4	7
1	1	4	0	1	1	6	0	2	0	47	4	7
0	1	1	0	1	0	4	0	5	0	48	4	7
1	0	0	1	0	0	2	1	2	1	49	4	7
0	0	4	1	2	1	7	0	1	2	50	4	7
0	2	3	0	1	0	9	0	4	0	51	4	7
0	0	1	1	1	0	8	0	4	0	52	4	7
0	0	1	0	1	0	8	0	5	0	53	4	7
0	0	0	1	0	0	1	0	0	0	54	4	7
0	1	3	0	0	0	4	0	1	0	55	4	7
0	2	1	2	0	0	11	0	5	0	56	4	7
1	1	1	0	1	1	2	0	1	0	57	4	7
0	0	2	0	1	0	5	0	1	0	58	4	7
0	0	0	0	0	0	0	0	0	0	59	4	7
0	0	0	0	0	0	1	0	0	0	0	4	8
0	0	0	0	0	0	1	0	0	0	1	4	8
3	0	5	1	2	0	2	1	4	4	2	4	8
0	0	1	0	0	0	7	0	3	0	3	4	8
0	0	0	0	0	0	0	0	0	0	4	4	8
0	0	0	0	0	0	1	0	1	0	5	4	8
2	2	6	0	4	2	7	0	4	1	6	4	8
0	2	2	0	2	1	4	0	2	0	7	4	8
1	1	3	0	1	1	7	0	3	0	8	4	8
0	0	0	0	0	0	4	0	0	0	9	4	8
3	0	3	0	1	1	2	0	1	0	10	4	8
2	1	1	0	0	2	1	0	1	0	11	4	8
0	0	0	0	0	0	0	0	0	0	12	4	8
0	0	1	0	0	0	8	0	0	0	13	4	8
0	0	0	0	0	1	0	0	1	0	14	4	8
0	5	5	0	1	0	3	0	1	0	15	4	8
1	1	3	0	1	0	7	0	4	1	16	4	8
4	0	3	0	3	0	4	1	4	2	17	4	8
0	0	1	3	1	1	4	0	4	0	18	4	8
2	1	5	0	2	2	9	1	4	0	19	4	8
0	2	1	0	9	3	5	2	5	1	20	4	8
0	0	2	1	4	1	5	0	1	0	21	4	8
3	0	5	0	2	3	4	1	1	0	22	4	8
1	1	6	0	3	1	9	0	0	0	23	4	8
0	1	5	0	9	0	9	0	3	0	24	4	8
0	1	4	0	1	0	6	0	3	0	25	4	8
0	0	0	0	3	1	7	0	1	0	26	4	8
3	3	6	0	1	2	7	1	5	1	27	4	8
0	1	2	0	3	0	3	0	7	0	28	4	8
0	0	0	0	0	0	1	0	1	0	29	4	8
0	0	4	0	2	0	3	0	1	0	30	4	8
0	0	1	0	0	0	0	0	0	0	31	4	8
0	1	10	0	2	0	4	0	2	0	32	4	8
1	0	6	0	2	0	13	0	5	0	33	4	8
1	2	6	0	1	0	3	0	0	0	34	4	8
0	0	0	0	0	0	0	0	0	0	35	4	8
0	1	0	0	1	1	7	0	0	0	36	4	8
2	2	2	2	0	2	5	0	3	0	37	4	8
0	0	0	0	0	0	0	0	0	0	38	4	8
1	0	1	0	3	0	5	0	0	0	39	4	8
0	0	4	0	2	1	11	0	1	0	40	4	8
0	2	8	0	3	0	17	0	4	0	41	4	8
0	5	4	2	4	1	1	0	5	3	42	4	8
0	5	2	3	0	0	4	0	2	0	43	4	8
0	2	1	0	2	0	6	0	1	0	44	4	8
0	3	5	0	3	0	11	0	0	0	45	4	8
3	0	8	1	2	7	10	4	3	0	46	4	8
0	0	12	0	2	0	8	0	2	0	47	4	8
0	0	6	2	1	0	9	0	1	0	48	4	8
2	3	6	0	5	1	4	0	5	1	49	4	8
0	2	0	0	0	0	5	0	0	0	50	4	8
0	2	0	0	0	0	3	0	1	0	51	4	8
1	3	7	0	3	1	5	1	1	0	52	4	8
0	1	4	0	1	0	2	0	1	0	53	4	8
0	1	2	0	3	0	0	0	0	0	54	4	8
0	0	0	0	1	0	0	0	0	0	55	4	8
0	2	3	0	2	0	1	0	2	0	56	4	8
1	1	3	0	2	1	2	0	1	0	57	4	8
0	0	0	0	0	0	1	0	0	0	58	4	8
0	0	0	0	0	0	0	0	0	0	0	4	9
0	0	0	0	0	0	2	0	0	0	1	4	9
0	1	0	0	0	1	13	0	4	0	2	4	9
0	0	2	1	2	0	13	0	1	0	3	4	9
0	0	3	0	2	1	3	0	1	0	4	4	9
0	1	0	0	0	0	3	0	1	0	5	4	9
3	1	2	0	2	0	3	0	6	3	6	4	9
0	0	2	0	1	0	11	0	5	0	7	4	9
0	0	2	0	0	0	4	0	1	0	8	4	9
0	0	2	0	0	1	7	0	6	1	9	4	9
0	0	4	0	1	0	11	0	4	0	10	4	9
1	1	7	0	6	1	9	0	4	0	11	4	9
0	0	2	1	0	1	5	0	4	0	12	4	9
1	1	3	0	0	0	4	0	2	1	13	4	9
0	0	4	0	3	0	4	0	4	0	14	4	9
0	0	0	0	0	0	0	0	0	0	15	4	9
0	0	2	0	1	0	1	0	0	0	16	4	9
1	0	1	0	2	1	11	1	2	0	17	4	9
0	0	1	1	0	0	3	0	2	1	18	4	9
1	2	3	0	2	1	7	0	0	0	19	4	9
0	0	0	0	0	0	1	0	0	0	20	4	9
2	1	3	0	1	1	5	1	2	1	21	4	9
0	0	1	0	2	0	3	0	2	0	22	4	9
0	0	1	0	0	0	0	0	0	0	23	4	9
0	0	0	0	0	0	0	0	2	0	24	4	9
2	2	2	0	0	0	2	0	4	2	25	4	9
1	0	4	0	1	0	3	0	1	1	26	4	9
0	1	0	0	0	1	0	1	0	0	27	4	9
0	0	1	0	1	0	1	0	1	0	28	4	9
0	0	0	0	0	0	1	0	0	0	29	4	9
0	0	6	0	5	0	1	0	3	0	30	4	9
1	0	1	0	0	1	4	0	4	0	31	4	9
0	0	0	0	0	0	0	0	0	0	32	4	9
0	0	0	0	0	0	0	0	0	0	33	4	9
0	1	2	0	0	0	0	0	0	0	34	4	9
0	0	0	0	1	0	1	0	2	0	35	4	9
0	0	1	0	0	1	1	0	1	0	36	4	9
1	0	1	0	0	0	0	0	3	1	37	4	9
0	0	1	0	3	0	1	0	1	0	38	4	9
0	0	0	0	0	0	0	0	0	0	39	4	9
1	0	0	0	0	0	0	0	0	0	40	4	9
0	0	1	0	1	0	3	0	0	0	41	4	9
1	1	3	0	2	0	4	0	5	1	42	4	9
0	1	0	0	2	0	9	0	2	0	43	4	9
0	0	0	0	1	0	1	0	0	0	44	4	9
0	0	0	0	0	1	1	0	1	0	45	4	9
0	0	0	0	1	0	0	0	0	0	46	4	9
0	0	1	0	1	0	1	0	3	0	47	4	9
0	0	0	0	1	0	3	0	3	0	48	4	9
1	0	6	0	5	1	6	0	3	0	49	4	9
1	1	5	2	4	3	2	0	3	0	50	4	9
0	0	1	0	0	0	0	0	0	0	51	4	9
0	1	0	0	0	1	1	0	0	0	52	4	9
0	0	0	0	0	0	0	0	0	0	53	4	9
0	0	0	0	0	0	1	0	1	0	54	4	9
0	0	0	0	0	0	1	0	0	0	0	4	10
0	0	0	0	0	0	0	0	0	0	1	4	10
0	0	0	0	0	0	0	0	0	0	2	4	10
2	0	2	0	1	1	6	0	3	0	3	4	10
0	1	1	0	0	0	0	0	0	0	4	4	10
1	2	5	0	2	0	5	0	0	0	5	4	10
0	2	2	1	5	0	12	0	6	0	6	4	10
0	1	5	0	4	0	10	0	1	0	7	4	10
0	0	0	0	0	0	0	0	1	0	8	4	10
0	0	0	0	0	0	1	0	0	0	9	4	10
0	0	7	0	2	0	6	0	3	0	10	4	10
0	1	11	1	4	0	13	0	1	0	11	4	10
0	2	11	0	4	0	9	0	3	1	12	4	10
0	0	5	0	0	0	13	0	1	1	13	4	10
1	0	11	1	2	2	5	0	0	0	14	4	10
0	1	7	2	4	0	11	0	6	0	15	4	10
0	0	3	2	1	0	11	0	2	0	16	4	10
2	0	7	3	2	1	8	0	5	0	17	4	10
0	0	5	0	1	0	14	0	5	0	18	4	10
0	0	3	2	2	1	7	1	3	0	19	4	10
1	1	6	0	3	1	16	0	5	0	20	4	10
1	1	5	0	2	0	7	0	1	0	21	4	10
0	0	1	0	2	0	5	0	1	0	22	4	10
0	0	0	0	0	0	0	0	0	0	23	4	10
0	1	3	0	3	0	3	0	1	0	24	4	10
0	0	0	0	0	0	0	0	0	0	25	4	10
0	4	6	0	2	0	10	0	3	0	26	4	10
0	1	0	0	1	0	3	0	3	0	27	4	10
0	0	0	0	0	0	0	0	0	0	28	4	10
0	0	1	0	0	0	3	0	0	0	29	4	10
0	5	0	0	0	0	1	0	6	0	30	4	10
0	1	0	0	1	0	1	0	1	0	31	4	10
0	1	0	0	0	1	0	0	0	0	32	4	10
0	0	0	0	2	0	1	0	1	0	33	4	10
0	0	1	0	1	0	0	0	0	0	34	4	10
0	2	2	0	1	1	5	0	3	0	35	4	10
0	2	1	0	0	1	3	0	4	0	36	4	10
0	4	0	0	2	2	5	1	3	2	37	4	10
0	2	7	1	1	1	2	2	2	0	38	4	10
2	7	5	0	1	0	11	0	3	3	39	4	10
0	0	0	0	0	0	2	0	0	0	40	4	10
0	0	0	0	0	0	1	0	0	0	41	4	10
0	1	0	0	0	0	1	0	1	0	42	4	10
0	2	2	0	0	0	3	0	2	0	43	4	10
2	0	1	0	2	1	5	1	2	2	44	4	10
2	1	2	0	2	1	7	1	4	2	45	4	10
0	0	0	0	0	0	0	0	0	0	46	4	10
0	1	3	0	0	0	9	0	3	0	47	4	10
0	0	0	0	0	0	0	0	0	0	48	4	10
0	0	0	0	0	0	1	0	0	0	49	4	10
0	0	0	0	0	0	0	0	0	0	50	4	10
0	0	2	0	0	0	2	0	1	0	51	4	10
1	2	5	0	0	0	11	0	4	0	52	4	10
0	2	6	0	0	0	4	0	2	0	53	4	10
0	0	1	0	0	0	2	0	1	0	54	4	10
1	1	2	2	1	1	6	0	7	0	55	4	10
0	0	0	0	0	0	0	0	0	0	56	4	10
0	0	0	0	0	0	0	0	0	0	0	5	1
0	0	0	0	0	0	0	0	1	0	1	5	1
0	0	0	0	0	0	0	0	2	0	2	5	1
3	1	0	0	0	1	3	0	1	0	3	5	1
0	0	2	0	0	0	2	0	0	0	4	5	1
0	0	3	0	2	0	6	0	1	0	5	5	1
0	1	3	0	3	0	3	0	1	0	6	5	1
0	3	3	0	0	0	1	0	0	0	7	5	1
0	1	5	0	2	0	7	0	1	0	8	5	1
0	0	0	0	0	0	2	0	1	0	9	5	1
0	0	0	0	0	0	0	0	0	0	10	5	1
2	0	4	2	1	0	8	0	6	2	11	5	1
0	0	1	0	1	0	11	0	2	0	12	5	1
0	0	2	0	1	0	3	0	0	0	13	5	1
0	0	0	0	0	0	0	0	0	0	14	5	1
0	0	0	0	0	0	0	0	0	0	15	5	1
1	3	7	1	1	2	10	0	1	0	16	5	1
1	0	1	0	1	1	2	0	4	0	17	5	1
2	1	4	0	0	2	5	0	0	0	18	5	1
1	1	2	0	2	0	7	0	2	0	19	5	1
2	3	6	1	3	0	6	0	1	0	20	5	1
0	1	0	0	1	0	1	0	0	0	21	5	1
0	2	7	0	5	0	7	0	3	0	22	5	1
0	1	7	0	3	0	10	1	1	0	23	5	1
2	2	2	0	1	2	12	0	1	0	24	5	1
1	3	2	0	4	1	12	0	1	0	25	5	1
0	0	5	0	0	0	8	0	0	0	26	5	1
0	2	1	0	1	0	3	0	0	0	27	5	1
0	1	1	0	4	0	6	0	7	0	28	5	1
1	1	4	1	1	2	9	1	2	0	29	5	1
1	2	4	0	0	0	6	0	1	1	30	5	1
1	1	3	0	1	1	6	1	0	0	31	5	1
0	0	0	0	0	0	7	2	1	0	32	5	1
0	0	1	1	0	0	6	0	2	0	33	5	1
0	1	2	0	2	0	4	0	1	0	34	5	1
0	1	9	1	2	0	9	0	1	0	35	5	1
4	5	7	1	3	5	6	1	0	2	36	5	1
1	0	5	0	4	1	9	0	5	2	37	5	1
0	1	2	1	1	0	12	0	8	1	38	5	1
2	0	6	0	3	2	8	0	2	0	39	5	1
2	2	4	0	3	1	8	0	1	0	40	5	1
3	1	5	0	4	1	8	0	7	2	41	5	1
1	1	5	0	3	1	3	0	2	0	42	5	1
4	0	4	0	1	4	3	0	2	0	43	5	1
0	0	0	0	0	0	0	0	0	0	44	5	1
0	0	0	0	0	0	1	0	0	0	45	5	1
0	0	1	0	0	0	1	0	0	0	46	5	1
0	0	2	0	0	0	9	0	2	0	47	5	1
1	0	7	0	6	0	13	0	5	1	48	5	1
0	2	0	0	0	0	9	0	2	0	49	5	1
1	3	3	0	0	3	6	2	0	0	50	5	1
0	0	1	0	0	0	1	0	0	0	51	5	1
0	0	3	0	1	0	1	1	0	0	52	5	1
1	2	1	1	1	1	1	0	1	0	53	5	1
1	2	4	0	2	1	4	0	7	0	54	5	1
0	0	0	0	0	0	0	0	4	0	55	5	1
0	0	0	0	0	0	0	0	0	0	0	5	2
0	1	0	0	0	0	0	0	0	1	1	5	2
0	0	1	0	0	0	1	0	1	1	2	5	2
0	0	1	0	1	0	0	0	1	0	3	5	2
1	0	1	0	1	0	3	1	0	1	4	5	2
0	0	0	0	0	0	5	0	2	0	5	5	2
0	0	0	0	0	0	0	0	0	0	6	5	2
0	2	2	0	1	0	2	0	0	0	7	5	2
0	1	2	1	4	0	13	0	6	0	8	5	2
0	0	2	0	3	1	5	1	1	0	9	5	2
0	1	3	0	5	1	8	1	1	0	10	5	2
2	2	8	1	4	2	6	0	5	0	11	5	2
0	1	0	0	0	0	0	0	0	0	12	5	2
0	1	0	0	1	0	2	0	0	0	13	5	2
1	2	0	0	2	1	2	0	1	0	14	5	2
0	0	2	0	4	0	1	0	2	0	15	5	2
1	0	6	2	3	0	7	0	2	1	16	5	2
2	1	4	2	2	2	4	0	3	0	17	5	2
1	3	3	0	0	0	15	0	2	0	18	5	2
2	1	8	0	2	0	10	0	2	1	19	5	2
1	4	4	0	0	1	8	0	3	0	20	5	2
0	1	1	1	2	0	3	0	1	0	21	5	2
2	4	4	2	1	2	9	0	4	1	22	5	2
2	1	5	0	2	2	7	0	3	0	23	5	2
0	0	2	0	0	0	5	0	1	0	24	5	2
1	1	1	0	0	1	5	0	2	0	25	5	2
1	0	11	1	3	1	22	1	9	0	26	5	2
3	1	5	0	0	3	5	1	0	0	27	5	2
3	2	7	0	1	2	6	0	2	0	28	5	2
1	2	5	1	1	0	9	0	3	1	29	5	2
0	1	3	0	2	0	13	0	2	0	30	5	2
2	1	3	0	1	2	10	0	2	0	31	5	2
0	1	5	0	3	1	6	1	2	1	32	5	2
0	1	16	0	3	0	18	0	3	1	33	5	2
2	4	19	1	5	2	16	0	2	1	34	5	2
0	1	4	0	1	0	5	0	1	0	35	5	2
0	1	5	0	0	0	12	0	2	0	36	5	2
2	2	3	0	0	1	8	0	1	0	37	5	2
1	0	8	0	3	0	7	1	1	0	38	5	2
0	1	7	0	5	0	10	1	8	0	39	5	2
2	1	7	0	4	3	12	0	5	0	40	5	2
0	0	2	0	0	1	12	0	0	0	41	5	2
0	0	5	1	4	0	6	0	3	0	42	5	2
1	0	3	1	3	1	9	0	5	0	43	5	2
2	1	6	0	6	1	6	0	2	0	44	5	2
1	0	7	0	6	0	10	0	7	0	45	5	2
0	0	1	0	0	0	0	0	0	0	46	5	2
0	0	0	0	0	0	2	0	0	0	47	5	2
0	1	0	0	1	1	4	0	1	0	48	5	2
0	0	1	0	2	0	3	0	2	0	49	5	2
0	0	0	0	0	0	0	0	0	0	50	5	2
0	0	0	0	0	0	0	0	0	0	51	5	2
1	0	0	0	0	0	2	0	1	0	52	5	2
0	0	0	0	0	0	2	0	0	0	53	5	2
0	0	0	0	0	0	0	0	0	0	54	5	2
0	0	0	0	0	0	0	0	0	0	55	5	2
0	0	0	0	0	0	1	0	0	0	56	5	2
0	0	0	0	0	0	0	0	0	0	57	5	2
0	0	0	0	0	0	0	0	0	0	58	5	2
0	0	0	0	0	0	0	0	0	0	0	5	3
0	0	0	0	0	0	0	0	1	0	1	5	3
0	0	0	0	0	0	1	0	0	0	2	5	3
0	1	2	0	4	0	4	0	1	0	3	5	3
0	5	3	0	8	0	0	0	0	0	4	5	3
0	0	4	0	0	0	0	0	0	0	5	5	3
0	0	1	0	0	0	5	0	1	0	6	5	3
0	1	7	0	4	0	6	0	2	0	7	5	3
0	2	4	1	0	0	10	0	3	0	8	5	3
0	0	4	0	3	1	7	1	3	0	9	5	3
0	0	5	3	1	0	15	0	4	0	10	5	3
0	2	5	0	2	0	15	1	3	0	11	5	3
0	0	6	1	0	0	4	0	1	0	12	5	3
1	2	1	1	0	1	0	0	2	0	13	5	3
1	1	8	0	1	1	7	0	4	0	14	5	3
0	0	5	0	2	0	8	0	5	0	15	5	3
1	1	10	4	1	1	7	0	2	0	16	5	3
1	1	5	3	1	0	5	0	3	0	17	5	3
0	0	0	0	0	0	0	0	1	0	18	5	3
2	1	6	0	1	2	9	1	4	1	19	5	3
0	2	8	1	2	0	7	0	3	0	20	5	3
0	2	4	1	3	0	4	1	2	0	21	5	3
1	1	1	0	3	1	5	0	3	0	22	5	3
1	2	3	0	2	1	11	0	2	0	23	5	3
1	1	7	0	6	1	10	0	2	0	24	5	3
1	1	5	1	2	1	8	1	3	0	25	5	3
1	1	9	0	5	0	11	0	4	1	26	5	3
0	1	7	0	2	2	8	1	2	0	27	5	3
0	0	2	0	4	0	11	1	2	0	28	5	3
0	0	1	0	2	1	11	0	6	0	29	5	3
0	0	1	0	1	0	3	0	2	0	30	5	3
0	0	0	0	0	0	1	0	0	0	31	5	3
0	1	2	0	1	0	0	0	1	0	32	5	3
0	1	1	1	2	0	3	0	3	0	33	5	3
0	1	3	0	1	1	5	0	0	0	34	5	3
0	1	5	0	3	1	8	1	1	0	35	5	3
0	0	0	0	1	0	2	0	0	1	36	5	3
0	0	1	0	1	0	2	0	0	0	37	5	3
0	0	0	0	0	0	0	2	0	0	38	5	3
0	1	4	3	1	1	5	1	0	0	39	5	3
0	3	5	0	1	11	4	11	6	3	40	5	3
2	1	9	0	2	1	5	2	4	2	41	5	3
0	1	4	1	1	3	5	3	0	0	42	5	3
0	2	1	1	1	0	14	0	7	1	43	5	3
1	1	4	0	1	0	5	0	4	1	44	5	3
1	1	3	0	1	1	4	0	1	0	45	5	3
0	0	3	0	2	0	8	0	3	0	46	5	3
1	1	9	0	3	2	6	1	7	3	47	5	3
2	1	7	1	1	2	7	0	4	0	48	5	3
0	1	3	0	1	0	8	0	6	0	49	5	3
1	2	0	0	0	4	6	1	3	0	50	5	3
1	0	3	0	0	1	4	0	4	0	51	5	3
0	1	1	0	1	0	6	0	2	0	52	5	3
3	1	2	0	0	2	5	0	1	2	53	5	3
2	0	7	0	3	1	8	2	5	2	54	5	3
2	1	2	0	1	1	8	0	5	2	55	5	3
1	0	3	0	1	1	3	0	3	0	56	5	3
0	0	0	0	0	0	0	0	1	0	57	5	3
0	1	2	0	0	0	1	0	0	0	0	5	4
0	0	0	0	0	0	0	0	0	0	1	5	4
0	0	0	0	0	0	1	0	0	0	2	5	4
5	2	3	0	1	1	7	0	7	4	3	5	4
1	2	5	1	3	1	8	0	0	0	4	5	4
1	0	2	0	0	0	7	0	2	1	5	5	4
0	0	6	0	1	0	8	0	4	0	6	5	4
0	0	10	0	1	0	2	0	4	1	7	5	4
1	4	3	0	1	1	4	1	5	0	8	5	4
0	3	5	0	1	1	3	3	7	0	9	5	4
1	0	1	0	0	2	2	1	0	0	10	5	4
0	0	0	1	1	0	0	0	0	0	11	5	4
3	0	3	0	1	0	2	1	2	4	12	5	4
0	2	4	0	2	0	3	0	3	0	13	5	4
0	0	4	0	1	0	7	0	0	0	14	5	4
0	0	6	0	3	0	3	0	1	0	15	5	4
1	1	0	1	0	1	2	1	2	0	16	5	4
1	0	6	0	0	0	1	0	1	0	17	5	4
0	1	4	1	2	0	6	0	2	0	18	5	4
0	1	4	0	2	0	6	0	3	0	19	5	4
0	1	3	0	4	0	5	0	1	0	20	5	4
3	2	1	2	4	3	0	0	1	0	21	5	4
2	2	3	3	1	2	3	0	4	0	22	5	4
0	0	2	0	1	0	1	0	2	0	23	5	4
1	0	6	0	2	1	6	0	4	0	24	5	4
0	0	0	0	0	0	1	0	1	0	25	5	4
0	1	1	1	1	0	5	0	3	0	26	5	4
0	2	1	1	1	0	3	0	4	1	27	5	4
1	1	2	0	1	0	2	1	1	1	28	5	4
0	1	0	0	1	0	0	0	1	1	29	5	4
0	0	2	1	1	0	2	0	1	0	30	5	4
1	2	6	0	3	1	8	0	1	0	31	5	4
0	3	3	0	2	0	2	0	4	0	32	5	4
0	0	5	0	2	0	8	0	2	0	33	5	4
2	2	4	3	3	2	8	0	2	0	34	5	4
0	2	6	0	5	0	1	0	1	2	35	5	4
0	5	5	0	0	1	13	1	3	0	36	5	4
0	0	2	0	1	0	5	0	2	0	37	5	4
2	0	5	1	2	0	3	0	5	2	38	5	4
0	0	3	1	2	0	4	0	5	1	39	5	4
0	0	0	0	0	0	1	0	1	0	40	5	4
0	0	0	0	0	0	3	0	0	0	41	5	4
1	3	0	1	0	1	2	0	5	0	42	5	4
2	2	3	0	1	2	4	0	3	0	43	5	4
1	1	2	0	3	2	2	0	2	0	44	5	4
1	1	3	0	3	2	0	0	2	0	45	5	4
0	0	1	0	0	0	4	0	2	0	46	5	4
1	1	4	0	2	1	8	1	0	0	47	5	4
0	0	4	0	0	0	5	0	5	1	48	5	4
1	0	3	0	0	0	6	0	1	0	49	5	4
2	3	7	0	0	4	16	2	3	0	50	5	4
0	3	3	0	3	1	7	1	3	0	51	5	4
0	1	3	0	2	0	8	0	4	0	52	5	4
0	0	0	0	0	0	0	0	0	0	53	5	4
0	0	0	0	0	0	0	0	0	0	54	5	4
1	2	6	1	4	1	7	0	3	0	0	5	5
1	0	3	0	0	0	8	0	4	0	1	5	5
0	0	0	0	0	0	0	0	0	0	2	5	5
1	3	2	0	1	1	1	0	1	0	3	5	5
1	2	1	1	0	1	5	0	2	0	4	5	5
0	0	0	0	0	0	0	0	0	0	5	5	5
0	0	0	0	0	0	0	0	0	0	6	5	5
0	0	0	0	0	0	1	0	0	0	7	5	5
0	1	7	1	2	0	4	0	3	0	8	5	5
2	0	5	0	6	0	10	0	2	0	9	5	5
0	0	2	0	4	0	9	0	2	0	10	5	5
0	0	3	0	4	0	12	0	1	0	11	5	5
2	1	6	0	4	1	5	0	1	0	12	5	5
0	0	5	1	1	0	6	0	2	0	13	5	5
0	3	1	0	4	0	5	0	1	0	14	5	5
2	1	2	0	2	0	8	1	2	0	15	5	5
0	0	1	0	0	0	2	0	0	0	16	5	5
0	0	2	0	1	1	6	0	2	0	17	5	5
0	0	3	1	1	0	2	0	2	1	18	5	5
0	0	2	0	0	0	2	0	4	0	19	5	5
0	1	5	0	1	0	4	0	1	0	20	5	5
1	1	5	0	0	1	5	0	1	0	21	5	5
0	0	0	0	0	0	3	0	1	0	22	5	5
0	0	2	0	1	1	3	1	1	0	23	5	5
3	1	7	0	1	3	8	0	5	1	24	5	5
0	1	0	0	0	0	4	0	1	0	25	5	5
0	0	0	0	0	0	0	0	0	0	26	5	5
0	0	1	0	0	0	1	0	1	0	27	5	5
0	0	1	0	1	0	2	0	1	0	28	5	5
0	0	1	0	1	0	3	0	1	0	29	5	5
0	1	2	2	1	0	4	0	3	0	30	5	5
0	0	4	1	3	0	6	0	0	0	31	5	5
0	0	4	0	2	0	4	0	0	0	32	5	5
0	3	4	1	2	0	14	0	0	0	33	5	5
0	1	2	0	1	1	9	1	3	1	34	5	5
1	0	6	0	5	0	4	0	2	0	35	5	5
1	1	3	0	2	0	11	0	2	0	36	5	5
0	0	1	0	0	0	6	0	2	0	37	5	5
0	1	4	0	1	0	7	0	3	1	38	5	5
0	2	2	0	1	1	6	0	1	0	39	5	5
1	1	4	0	3	1	10	0	6	3	40	5	5
0	3	3	0	5	0	11	1	3	0	41	5	5
0	1	4	0	1	0	6	0	0	0	42	5	5
0	0	0	0	0	0	5	0	2	0	43	5	5
0	0	0	0	0	0	0	0	0	0	44	5	5
0	0	0	0	0	0	1	0	0	0	45	5	5
1	1	0	0	1	1	3	0	0	0	46	5	5
0	1	4	0	1	0	11	1	2	0	47	5	5
1	2	2	0	0	1	9	0	2	0	48	5	5
0	2	3	1	1	0	2	0	0	0	49	5	5
0	0	1	0	0	0	4	0	1	0	50	5	5
0	0	3	0	1	1	5	0	2	0	51	5	5
0	0	3	1	1	0	6	0	4	0	52	5	5
0	0	1	0	1	1	10	0	3	0	53	5	5
0	0	0	0	1	0	2	0	0	0	54	5	5
1	0	0	0	0	0	1	0	0	0	55	5	5
0	0	0	0	0	0	2	0	0	0	56	5	5
0	1	2	0	1	0	13	0	1	0	57	5	5
0	0	0	0	0	0	0	0	0	0	58	5	5
0	1	8	0	4	0	5	0	3	0	0	5	6
0	2	6	1	3	3	9	2	4	0	1	5	6
0	0	0	0	0	0	0	0	0	0	2	5	6
0	1	0	0	0	0	4	0	3	0	3	5	6
0	1	5	0	3	1	3	1	2	0	4	5	6
0	0	0	0	0	0	3	0	2	0	5	5	6
2	2	6	3	4	0	4	0	2	0	6	5	6
2	1	1	0	3	1	5	0	0	0	7	5	6
0	0	9	0	3	0	3	0	2	0	8	5	6
2	1	5	0	4	0	6	0	3	1	9	5	6
0	0	1	0	1	0	2	0	2	0	10	5	6
0	0	0	0	0	0	3	0	1	0	11	5	6
0	1	0	0	0	0	1	0	0	0	12	5	6
0	1	2	0	1	0	4	0	2	0	13	5	6
0	0	0	0	1	0	1	0	0	0	14	5	6
2	0	1	0	2	0	6	0	4	0	15	5	6
0	2	0	0	1	1	10	1	2	0	16	5	6
1	1	3	0	5	2	7	1	6	1	17	5	6
6	5	3	0	0	5	7	0	6	4	18	5	6
2	2	2	0	1	2	7	0	3	1	19	5	6
0	2	3	0	3	1	4	2	3	0	20	5	6
0	2	4	2	1	1	4	1	0	0	21	5	6
0	0	5	2	0	1	6	1	3	0	22	5	6
1	2	10	0	4	2	5	0	7	0	23	5	6
2	4	7	2	1	2	8	0	5	0	24	5	6
2	1	9	0	0	0	13	0	1	1	25	5	6
2	2	5	1	2	5	7	2	0	0	26	5	6
1	0	2	2	2	1	5	0	1	0	27	5	6
2	1	6	0	3	3	8	1	5	1	28	5	6
0	0	4	2	0	0	10	0	0	0	29	5	6
1	0	1	1	1	1	0	0	1	0	30	5	6
1	1	5	0	0	0	7	0	3	1	31	5	6
0	0	1	0	0	0	0	0	0	0	32	5	6
0	2	1	0	1	0	4	0	2	0	33	5	6
0	0	5	1	1	0	6	0	2	0	34	5	6
0	0	4	0	1	0	8	0	1	0	35	5	6
3	2	8	1	0	3	7	0	6	1	36	5	6
1	3	1	0	1	1	10	0	1	0	37	5	6
1	1	5	4	1	1	5	0	0	0	38	5	6
2	2	3	0	0	2	4	1	2	0	39	5	6
1	1	4	1	1	1	6	0	1	0	40	5	6
0	0	5	1	1	0	10	0	8	0	41	5	6
0	1	3	1	6	1	5	1	2	1	42	5	6
0	0	0	0	1	0	4	0	0	0	43	5	6
0	1	0	0	2	0	12	0	3	0	44	5	6
0	1	2	1	0	0	10	0	3	0	45	5	6
0	1	0	0	2	0	0	0	0	0	46	5	6
0	0	0	0	1	0	2	0	0	0	47	5	6
0	1	0	0	0	0	0	0	2	0	48	5	6
1	2	2	0	3	2	2	1	6	0	49	5	6
0	0	1	0	1	0	0	0	0	0	50	5	6
2	2	1	0	1	2	4	0	0	0	51	5	6
1	1	2	0	1	1	2	0	2	0	52	5	6
1	0	1	0	1	1	1	1	0	0	53	5	6
0	0	1	0	1	0	0	0	0	0	54	5	6
0	0	0	0	0	0	0	0	0	0	55	5	6
0	0	10	4	0	0	4	0	0	0	0	5	7
0	0	8	0	6	1	9	1	1	1	1	5	7
0	0	0	0	0	0	0	0	0	0	2	5	7
0	1	3	0	2	0	3	0	1	0	3	5	7
0	0	1	0	1	0	4	0	3	1	4	5	7
0	0	2	0	0	0	5	0	0	0	5	5	7
0	0	0	0	1	0	2	0	0	0	6	5	7
0	0	4	3	0	0	6	0	0	0	7	5	7
0	0	0	0	0	0	0	0	0	0	8	5	7
0	0	2	0	0	0	3	0	0	0	9	5	7
0	1	5	0	1	0	5	0	0	0	10	5	7
0	1	1	0	1	1	1	2	0	0	11	5	7
1	0	3	0	0	1	2	0	1	0	12	5	7
2	2	4	2	3	2	13	0	2	0	13	5	7
0	0	2	0	4	0	3	0	0	0	14	5	7
0	0	0	1	1	0	2	0	4	0	15	5	7
0	3	0	0	1	1	1	0	2	0	16	5	7
2	2	8	0	1	3	12	0	5	0	17	5	7
0	0	2	0	6	0	6	0	4	0	18	5	7
1	3	4	0	1	2	7	0	1	0	19	5	7
0	0	3	0	4	0	9	0	3	0	20	5	7
3	1	2	1	0	2	5	0	4	2	21	5	7
0	0	0	0	1	0	4	0	2	0	22	5	7
1	0	4	0	1	0	15	0	1	0	23	5	7
0	0	0	0	0	0	0	0	0	0	24	5	7
0	0	0	0	0	0	0	0	0	0	25	5	7
1	0	3	0	3	1	3	1	4	0	26	5	7
0	0	0	0	0	0	6	0	0	0	27	5	7
2	1	9	0	3	2	10	0	3	0	28	5	7
0	0	4	2	2	0	4	0	7	1	29	5	7
0	0	5	0	1	0	5	0	1	0	30	5	7
1	3	4	0	3	0	6	0	4	1	31	5	7
4	2	10	1	6	2	8	1	3	0	32	5	7
1	1	6	0	6	1	5	3	6	1	33	5	7
0	0	3	0	4	0	6	0	2	0	34	5	7
0	0	8	0	1	0	4	0	3	0	35	5	7
2	2	3	0	1	2	7	0	5	0	36	5	7
0	0	4	0	4	0	6	0	0	0	37	5	7
1	1	3	3	0	1	13	0	6	1	38	5	7
0	4	10	0	7	1	8	1	6	0	39	5	7
0	0	5	0	6	0	6	0	1	0	40	5	7
0	0	0	0	1	0	4	0	3	1	41	5	7
0	0	3	0	1	1	1	1	2	0	42	5	7
0	0	1	1	2	0	3	0	1	1	43	5	7
0	1	8	2	2	1	12	1	6	0	44	5	7
2	2	6	0	3	2	10	0	0	0	45	5	7
1	2	4	0	0	0	7	0	1	0	46	5	7
1	2	1	0	0	0	5	0	2	1	47	5	7
1	0	1	0	0	0	4	0	1	1	48	5	7
0	0	2	0	1	0	4	0	1	0	49	5	7
0	1	4	0	4	0	4	0	1	0	50	5	7
2	2	6	0	1	2	12	0	3	0	51	5	7
1	0	2	0	0	0	3	0	1	0	52	5	7
1	1	4	0	0	0	6	2	3	1	53	5	7
0	0	3	0	2	1	6	1	5	0	54	5	7
1	1	2	0	1	1	8	0	0	0	55	5	7
0	0	0	1	1	2	3	2	1	0	56	5	7
0	1	0	0	0	2	5	0	0	0	57	5	7
0	0	0	0	0	0	0	0	0	0	58	5	7
0	0	2	1	1	0	3	0	1	0	0	5	8
0	0	0	0	0	0	0	0	0	0	1	5	8
0	1	5	2	2	0	6	0	4	0	2	5	8
1	2	2	0	3	2	17	0	12	0	3	5	8
0	2	5	1	2	1	7	1	4	0	4	5	8
0	0	2	0	1	1	4	0	4	0	5	5	8
0	0	0	0	0	0	1	0	3	0	6	5	8
0	0	1	0	0	0	0	0	0	0	7	5	8
1	0	4	1	2	2	5	1	2	1	8	5	8
0	1	6	0	5	0	5	0	5	3	9	5	8
0	1	1	0	3	0	4	0	3	0	10	5	8
0	2	11	1	8	2	7	0	2	1	11	5	8
0	3	4	0	7	0	8	0	0	0	12	5	8
1	0	5	0	0	1	5	0	2	0	13	5	8
0	1	12	0	0	0	11	0	0	0	14	5	8
1	1	2	0	0	1	2	0	0	0	15	5	8
1	1	1	0	0	0	2	0	0	0	16	5	8
0	0	4	1	2	1	6	1	3	0	17	5	8
0	1	2	0	2	0	9	0	4	0	18	5	8
0	1	2	0	4	1	12	1	3	0	19	5	8
2	0	4	0	1	1	13	0	3	0	20	5	8
0	3	9	0	1	0	16	0	4	0	21	5	8
0	1	8	0	2	0	8	0	4	0	22	5	8
1	1	2	2	3	0	17	0	9	1	23	5	8
0	2	4	0	3	1	13	1	6	0	24	5	8
0	0	2	0	1	0	10	0	2	0	25	5	8
0	2	5	0	2	0	0	0	1	0	26	5	8
0	2	0	0	0	0	4	0	3	0	27	5	8
0	1	2	1	2	0	5	0	2	1	28	5	8
1	2	4	0	2	0	10	0	4	0	29	5	8
0	0	0	0	0	0	0	0	0	0	30	5	8
1	1	2	0	0	1	3	0	1	0	31	5	8
6	2	5	0	0	3	8	0	3	3	32	5	8
0	1	1	0	1	0	1	0	0	0	33	5	8
0	1	4	0	1	1	7	1	3	1	34	5	8
2	4	5	0	4	2	3	0	6	1	35	5	8
0	4	10	0	4	2	7	1	1	0	36	5	8
1	1	4	0	3	0	3	0	2	1	37	5	8
1	2	2	1	2	0	3	0	5	1	38	5	8
2	1	3	0	0	0	6	0	3	2	39	5	8
1	2	6	0	5	0	10	0	3	1	40	5	8
0	0	1	0	0	0	5	0	2	1	41	5	8
0	0	0	0	0	0	0	0	0	0	42	5	8
0	0	0	0	0	1	0	0	0	0	43	5	8
0	0	0	0	0	0	1	0	0	0	44	5	8
0	0	1	0	1	0	0	0	1	0	45	5	8
1	2	4	0	2	0	1	0	8	3	46	5	8
0	0	0	0	0	0	0	0	0	0	47	5	8
0	0	0	0	0	0	2	0	1	1	48	5	8
0	0	0	0	0	0	0	0	0	0	49	5	8
0	0	0	0	0	0	0	0	1	1	50	5	8
0	0	0	0	0	0	0	0	0	0	51	5	8
0	0	0	0	0	0	0	0	0	0	52	5	8
1	1	0	0	0	0	0	0	3	3	53	5	8
1	0	0	0	0	0	0	0	1	1	54	5	8
0	0	0	0	0	0	0	0	0	0	55	5	8
0	0	0	0	0	0	0	0	0	0	56	5	8
0	0	1	0	1	0	1	0	0	0	57	5	8
0	0	0	0	0	0	1	0	0	0	58	5	8
0	0	0	0	0	0	0	0	0	0	0	5	9
0	0	0	0	0	0	0	0	0	0	1	5	9
0	3	1	0	2	1	4	2	2	0	2	5	9
2	5	4	0	0	2	8	0	1	0	3	5	9
0	0	0	0	0	0	2	0	0	0	4	5	9
0	0	0	0	0	0	1	0	0	0	5	5	9
0	1	0	0	0	1	1	0	1	0	6	5	9
0	1	0	0	0	0	2	0	0	0	7	5	9
2	3	9	0	7	2	9	0	4	0	8	5	9
0	0	3	2	1	0	2	0	0	0	9	5	9
2	1	5	0	1	2	14	0	2	0	10	5	9
1	1	3	0	1	1	1	0	1	0	11	5	9
0	0	3	0	0	0	7	0	5	0	12	5	9
3	3	4	1	3	2	5	1	0	1	13	5	9
0	2	11	0	3	0	1	0	1	1	14	5	9
0	1	7	0	2	0	8	0	6	0	15	5	9
0	2	5	0	3	0	14	1	4	0	16	5	9
0	0	2	0	0	0	5	0	1	0	17	5	9
0	1	3	0	2	0	8	1	2	0	18	5	9
0	0	0	0	0	0	0	0	7	6	19	5	9
0	0	2	0	4	0	2	0	0	0	20	5	9
0	1	4	0	1	0	12	0	5	0	21	5	9
2	2	3	0	2	3	11	1	3	0	22	5	9
2	2	4	0	1	1	4	2	3	2	23	5	9
0	0	0	0	1	0	4	1	1	0	24	5	9
1	0	1	0	1	0	1	0	1	1	25	5	9
0	0	0	0	1	0	6	0	4	1	26	5	9
0	1	0	0	1	0	3	0	0	0	27	5	9
0	1	2	0	3	0	3	0	0	0	28	5	9
0	1	0	0	0	0	2	0	0	0	29	5	9
0	0	6	1	0	0	5	1	2	0	30	5	9
0	0	2	0	1	0	12	0	5	0	31	5	9
2	0	5	0	0	0	4	0	1	0	32	5	9
1	1	3	0	1	2	11	1	8	0	33	5	9
1	0	5	0	2	0	4	0	4	0	34	5	9
0	1	0	0	0	0	1	0	1	0	35	5	9
0	1	0	0	0	0	2	0	0	0	36	5	9
0	1	10	0	1	0	6	0	1	0	37	5	9
0	0	7	0	0	0	0	0	0	0	38	5	9
0	0	0	0	0	0	1	0	0	0	39	5	9
0	0	1	0	0	0	0	0	0	0	40	5	9
0	0	0	0	0	0	1	0	0	0	41	5	9
2	0	8	0	5	0	6	0	3	0	42	5	9
0	0	3	0	2	0	7	0	2	0	43	5	9
0	2	5	0	1	1	18	0	3	0	44	5	9
0	5	9	0	5	0	6	0	4	0	45	5	9
0	0	0	0	0	0	1	0	0	0	46	5	9
0	0	0	0	0	0	0	0	0	0	47	5	9
0	0	0	0	0	0	2	0	0	0	48	5	9
0	0	0	0	0	1	0	0	0	0	49	5	9
0	0	0	0	0	0	0	0	0	0	50	5	9
0	0	0	0	0	0	0	0	0	0	51	5	9
0	0	0	0	0	0	0	0	0	0	52	5	9
0	0	0	0	0	0	0	0	0	0	53	5	9
0	0	2	0	1	0	2	1	0	0	0	5	10
0	0	0	0	0	0	1	0	0	0	1	5	10
1	1	3	0	0	1	9	0	1	0	2	5	10
0	0	2	0	3	0	3	0	2	0	3	5	10
1	1	2	0	2	0	4	0	2	0	4	5	10
1	0	7	0	3	0	9	0	6	2	5	5	10
0	0	3	0	0	0	7	0	2	0	6	5	10
0	4	1	0	1	0	9	0	1	1	7	5	10
1	2	1	0	0	0	4	0	1	0	8	5	10
0	0	0	0	1	0	0	0	2	0	9	5	10
1	0	1	1	1	0	1	0	1	0	10	5	10
0	0	0	0	0	0	1	0	0	0	11	5	10
0	0	0	0	0	0	0	0	0	0	12	5	10
0	0	1	0	1	0	1	0	0	0	13	5	10
0	2	4	0	1	0	2	0	1	0	14	5	10
0	0	0	0	0	0	3	0	0	0	15	5	10
0	3	0	0	1	0	4	0	1	0	16	5	10
1	3	3	1	1	2	2	1	3	0	17	5	10
0	0	0	0	0	0	0	0	0	0	18	5	10
1	0	0	0	0	0	1	0	0	0	19	5	10
0	1	2	0	2	0	1	0	0	0	20	5	10
0	0	0	0	0	0	0	0	3	0	21	5	10
0	1	2	0	4	0	3	0	0	0	22	5	10
0	2	1	0	1	0	3	0	2	0	23	5	10
0	1	1	1	1	0	6	0	1	0	24	5	10
0	1	4	1	2	1	3	0	1	0	25	5	10
0	0	4	1	2	0	13	0	4	0	26	5	10
1	0	5	1	1	1	15	0	7	1	27	5	10
0	0	0	0	0	0	0	0	0	0	28	5	10
0	1	3	0	1	0	3	0	5	0	29	5	10
2	1	5	1	2	1	10	1	1	1	30	5	10
3	3	6	0	0	2	13	0	2	0	31	5	10
3	3	3	0	2	4	9	0	3	0	32	5	10
2	0	3	0	0	3	3	4	5	1	33	5	10
1	1	5	0	2	1	3	0	3	1	34	5	10
0	1	0	2	0	0	3	0	3	0	35	5	10
0	1	0	0	0	0	0	0	0	0	36	5	10
0	0	2	0	0	2	6	4	2	0	37	5	10
0	3	7	0	4	2	5	2	3	0	38	5	10
0	2	5	2	1	2	9	3	5	0	39	5	10
0	2	2	0	2	0	6	0	1	0	40	5	10
0	0	0	0	0	1	0	1	0	0	41	5	10
1	4	5	0	4	2	6	1	4	0	42	5	10
0	0	0	0	0	0	21	0	0	0	43	5	10
5	0	3	0	1	3	22	3	21	7	44	5	10
4	0	2	0	0	0	15	0	15	4	45	5	10
1	0	0	0	0	0	24	0	1	1	46	5	10
0	0	0	0	0	0	6	0	0	0	47	5	10
0	2	2	0	0	0	11	1	4	0	48	5	10
0	1	3	0	1	0	2	0	0	1	49	5	10
0	1	4	0	1	0	0	0	0	0	50	5	10
1	0	2	1	1	1	1	0	1	0	51	5	10
0	0	0	0	0	0	0	0	0	0	52	5	10
0	0	1	0	1	0	1	0	0	0	53	5	10
0	0	0	0	0	0	1	0	0	0	54	5	10
0	0	0	0	0	0	0	0	0	0	0	6	1
0	0	0	0	0	0	0	0	0	0	1	6	1
0	0	0	0	0	0	0	0	0	0	2	6	1
0	0	2	1	2	0	0	0	0	0	3	6	1
0	0	0	0	0	0	0	0	1	0	4	6	1
0	0	2	1	2	0	0	0	3	0	5	6	1
0	0	0	0	0	0	1	0	0	0	6	6	1
1	1	5	0	3	0	4	1	3	2	7	6	1
0	0	2	0	2	0	7	0	2	0	8	6	1
3	2	3	1	1	2	7	0	6	1	9	6	1
0	3	1	0	0	0	2	0	3	0	10	6	1
0	1	2	0	0	0	3	0	4	0	11	6	1
1	4	4	0	3	1	8	0	2	0	12	6	1
0	1	2	0	1	0	11	0	5	0	13	6	1
0	0	0	0	2	0	1	0	0	0	14	6	1
0	1	2	0	1	0	3	0	2	0	15	6	1
0	0	2	0	1	0	1	0	1	0	16	6	1
0	3	4	0	3	0	1	0	0	0	17	6	1
1	1	6	0	4	0	1	0	1	1	18	6	1
0	0	0	0	0	0	0	0	0	0	19	6	1
0	0	0	0	0	0	0	0	0	0	20	6	1
0	1	0	0	1	0	4	0	1	0	21	6	1
0	1	0	0	0	0	0	0	0	0	22	6	1
0	0	0	0	0	0	3	0	0	0	23	6	1
0	3	1	0	0	0	2	0	0	0	24	6	1
0	0	3	0	1	0	10	0	0	0	25	6	1
0	4	2	0	1	1	7	0	1	0	26	6	1
4	1	2	0	2	0	6	2	5	4	27	6	1
0	0	6	0	2	3	5	3	1	0	28	6	1
0	1	2	0	1	4	5	5	5	0	29	6	1
1	1	3	0	5	0	3	0	0	0	30	6	1
0	2	2	0	1	0	6	0	0	0	31	6	1
0	0	6	0	1	0	1	0	1	0	32	6	1
0	0	1	1	1	0	0	0	0	0	33	6	1
0	2	2	0	2	0	7	0	2	0	34	6	1
0	1	2	0	3	0	3	0	2	1	35	6	1
0	0	3	0	2	0	6	0	1	0	36	6	1
0	0	3	0	1	0	5	0	1	0	37	6	1
0	1	3	0	1	1	6	1	1	0	38	6	1
0	0	3	0	1	0	6	0	3	0	39	6	1
0	0	1	0	2	0	10	0	2	0	40	6	1
0	0	0	0	0	0	0	0	1	0	41	6	1
0	0	0	0	0	0	1	0	0	0	42	6	1
0	0	0	0	0	0	0	0	0	0	43	6	1
0	0	0	0	0	0	0	0	0	0	44	6	1
0	0	0	0	0	0	0	0	0	0	45	6	1
0	0	0	0	0	0	0	0	0	0	46	6	1
0	0	0	0	0	0	0	0	0	0	47	6	1
0	0	0	0	0	0	0	0	0	0	48	6	1
0	0	0	0	0	0	0	0	0	0	49	6	1
0	0	6	0	2	0	8	0	2	0	50	6	1
0	0	1	0	2	1	1	0	0	0	51	6	1
0	0	0	0	0	0	0	0	0	0	52	6	1
0	0	2	0	1	0	5	0	2	0	53	6	1
0	3	2	0	3	0	5	0	2	0	54	6	1
1	0	3	0	3	1	5	0	1	1	55	6	1
0	0	0	0	0	0	0	0	0	0	56	6	1
0	0	0	0	0	0	0	0	0	0	0	6	2
0	0	0	0	0	0	0	0	0	0	1	6	2
0	0	1	0	0	0	4	0	1	0	2	6	2
0	4	4	0	2	0	4	0	3	0	3	6	2
0	1	0	1	1	0	1	0	3	0	4	6	2
0	2	0	0	0	0	2	0	3	0	5	6	2
1	4	0	0	0	1	2	0	3	0	6	6	2
0	0	1	0	1	0	3	0	0	0	7	6	2
0	2	0	0	0	0	2	0	0	0	8	6	2
1	1	0	0	0	1	0	0	0	0	9	6	2
1	0	2	0	1	0	1	0	4	1	10	6	2
0	2	0	0	1	0	2	0	0	0	11	6	2
0	1	1	1	0	0	5	0	2	2	12	6	2
0	0	7	0	1	0	9	0	1	1	13	6	2
0	0	4	0	0	0	4	0	1	0	14	6	2
0	1	5	0	0	0	7	0	1	0	15	6	2
1	2	6	0	3	1	2	1	0	0	16	6	2
0	3	8	1	1	4	4	6	1	0	17	6	2
1	3	3	1	1	2	4	1	3	0	18	6	2
0	0	1	0	0	0	0	0	0	0	19	6	2
1	1	1	0	0	1	6	0	4	0	20	6	2
0	0	1	0	0	0	2	0	0	0	21	6	2
2	5	6	0	1	3	10	0	3	1	22	6	2
0	1	3	0	2	1	8	1	3	0	23	6	2
1	0	1	0	1	0	4	0	0	0	24	6	2
0	0	2	0	1	0	6	0	1	0	25	6	2
0	1	0	0	1	0	2	0	0	0	26	6	2
0	0	1	0	0	0	3	0	0	0	27	6	2
0	0	0	0	0	0	4	0	1	0	28	6	2
0	0	3	0	10	0	3	0	0	0	29	6	2
0	1	4	0	7	0	5	1	2	0	30	6	2
3	2	5	0	4	3	5	0	5	0	31	6	2
1	1	1	0	0	1	4	0	0	0	32	6	2
0	2	4	0	1	0	1	0	2	0	33	6	2
0	0	1	0	0	0	1	0	1	0	34	6	2
0	0	2	0	0	0	1	0	0	0	35	6	2
0	0	0	0	0	0	1	0	0	0	36	6	2
0	0	3	0	2	0	1	0	0	0	37	6	2
0	1	2	0	2	0	11	0	4	0	38	6	2
0	1	4	1	3	0	5	1	3	0	39	6	2
0	1	1	1	0	0	3	0	2	0	40	6	2
0	8	5	0	2	0	4	0	4	0	41	6	2
3	4	6	0	0	5	7	0	2	0	42	6	2
0	2	4	0	0	0	2	0	2	1	43	6	2
2	3	2	0	1	2	3	1	1	0	44	6	2
1	0	3	0	0	1	2	0	1	1	45	6	2
0	2	3	0	1	0	3	0	3	0	46	6	2
0	0	1	0	2	0	4	0	0	0	47	6	2
0	1	5	0	3	0	4	0	3	1	48	6	2
3	0	3	0	1	1	6	0	6	2	49	6	2
0	3	4	0	1	0	3	0	2	0	50	6	2
0	0	0	0	0	0	0	0	0	0	51	6	2
0	0	0	0	0	0	0	0	0	0	52	6	2
0	0	2	0	0	0	1	0	0	0	0	6	3
0	0	0	0	0	0	0	0	0	0	1	6	3
0	0	0	1	0	0	1	0	0	0	2	6	3
1	2	2	1	1	1	1	0	1	0	3	6	3
2	1	4	0	1	1	3	0	4	1	4	6	3
0	1	2	0	0	0	3	0	2	0	5	6	3
0	0	0	0	0	0	0	0	0	0	6	6	3
0	5	5	0	1	0	7	0	1	0	7	6	3
0	1	0	0	0	0	4	0	1	0	8	6	3
0	0	1	0	0	0	1	0	1	0	9	6	3
0	0	6	1	4	0	5	0	3	0	10	6	3
0	0	1	0	0	0	7	0	1	0	11	6	3
0	0	1	0	0	0	4	0	2	0	12	6	3
0	0	1	0	1	0	1	0	1	0	13	6	3
2	1	3	1	1	2	4	0	0	0	14	6	3
1	2	1	0	0	1	1	0	0	0	15	6	3
0	0	0	0	0	0	3	0	1	0	16	6	3
0	0	0	1	0	0	2	0	0	0	17	6	3
0	2	5	0	2	0	5	0	0	0	18	6	3
0	0	1	0	1	0	3	0	0	0	19	6	3
0	1	1	2	0	0	5	0	6	0	20	6	3
2	2	6	0	0	2	9	0	2	0	21	6	3
0	2	4	0	3	0	13	0	3	0	22	6	3
0	1	4	0	2	0	4	0	4	2	23	6	3
0	0	2	0	0	0	6	0	5	1	24	6	3
1	2	6	1	2	1	11	0	2	0	25	6	3
0	0	10	0	2	0	11	0	4	0	26	6	3
2	1	12	0	1	1	7	0	2	0	27	6	3
0	1	3	0	1	0	6	0	5	0	28	6	3
0	3	0	0	1	0	6	0	1	0	29	6	3
1	2	5	1	0	1	14	0	3	0	30	6	3
1	1	3	0	1	0	2	0	4	1	31	6	3
0	0	15	2	4	1	7	1	1	0	32	6	3
2	1	11	0	1	2	7	0	2	0	33	6	3
1	0	1	0	0	1	5	1	0	0	34	6	3
0	0	7	0	1	1	7	1	5	0	35	6	3
0	1	4	0	2	0	6	0	6	0	36	6	3
1	1	4	0	1	1	9	0	0	0	37	6	3
0	5	4	0	1	0	7	0	0	0	38	6	3
0	0	4	1	0	0	1	0	2	0	39	6	3
0	3	3	0	1	0	1	0	1	0	40	6	3
0	1	0	0	0	0	2	0	2	0	41	6	3
0	0	0	0	1	0	3	0	1	0	42	6	3
0	0	0	0	2	0	1	0	0	0	43	6	3
0	0	0	0	1	0	2	0	1	0	44	6	3
3	4	2	2	0	2	11	0	4	1	45	6	3
3	1	6	1	3	2	9	1	9	2	46	6	3
2	0	2	0	3	0	3	0	7	3	47	6	3
0	0	0	1	0	0	1	0	2	0	48	6	3
0	1	0	0	0	0	1	0	1	0	49	6	3
1	1	4	0	1	0	4	1	2	0	50	6	3
0	0	0	0	0	1	0	0	0	0	51	6	3
0	0	0	0	0	0	0	0	0	0	52	6	3
1	1	0	0	0	0	3	0	2	0	53	6	3
0	0	0	0	0	0	0	0	0	0	54	6	3
0	0	0	0	0	0	0	0	0	0	0	6	4
0	0	1	0	1	0	0	0	0	0	1	6	4
1	1	1	1	0	1	5	0	2	0	2	6	4
0	0	0	0	0	0	0	0	0	0	3	6	4
0	1	1	0	1	0	3	0	2	0	4	6	4
0	1	3	0	2	1	8	0	4	1	5	6	4
1	1	4	5	1	2	6	1	6	0	6	6	4
1	0	2	0	6	1	6	0	1	0	7	6	4
2	1	5	0	1	1	7	1	2	1	8	6	4
0	0	1	1	0	0	0	0	0	0	9	6	4
0	0	6	3	4	1	5	1	7	0	10	6	4
1	1	5	1	2	1	4	0	3	0	11	6	4
0	1	3	0	1	1	11	1	1	0	12	6	4
1	2	9	0	2	2	7	1	7	1	13	6	4
2	3	5	0	4	3	11	1	4	1	14	6	4
2	1	4	0	0	0	12	0	2	0	15	6	4
0	1	1	0	0	0	9	0	5	0	16	6	4
1	4	9	1	1	1	5	0	5	0	17	6	4
1	0	2	0	0	1	1	0	0	0	18	6	4
2	2	4	0	5	2	11	0	13	0	19	6	4
0	0	3	0	1	0	6	0	1	0	20	6	4
0	3	6	0	3	2	10	0	3	0	21	6	4
0	0	2	2	1	0	7	1	2	0	22	6	4
0	0	0	0	0	0	1	0	1	0	23	6	4
0	0	0	0	0	0	0	0	0	0	24	6	4
0	1	1	0	0	0	1	0	1	0	25	6	4
0	0	0	0	0	0	0	0	0	0	26	6	4
0	0	0	0	0	0	1	0	0	0	27	6	4
0	1	0	0	0	0	2	0	0	0	28	6	4
0	0	8	2	0	1	3	1	2	0	29	6	4
2	1	6	1	4	3	6	3	5	0	30	6	4
1	1	3	1	2	2	7	0	3	2	31	6	4
1	1	2	1	2	3	10	1	1	0	32	6	4
0	0	1	0	0	0	0	0	2	0	33	6	4
0	0	1	1	0	0	12	0	1	0	34	6	4
0	0	7	0	2	1	10	3	2	0	35	6	4
0	0	8	0	1	1	7	1	0	1	36	6	4
0	0	10	0	1	1	8	0	0	0	37	6	4
0	1	5	1	0	0	9	0	3	0	38	6	4
0	2	13	0	1	1	13	1	2	0	39	6	4
2	3	8	1	1	0	8	0	3	0	40	6	4
1	3	5	0	3	1	5	0	0	0	41	6	4
0	4	1	1	3	0	3	0	1	0	42	6	4
0	2	6	0	0	0	8	0	5	0	43	6	4
0	0	1	0	0	0	3	0	2	0	44	6	4
0	1	1	0	1	0	4	0	0	0	45	6	4
0	1	2	1	1	0	9	0	0	0	46	6	4
0	0	1	0	1	0	5	0	2	0	47	6	4
0	1	2	0	2	0	2	0	0	0	48	6	4
0	0	4	0	0	0	5	0	2	0	49	6	4
3	4	6	2	4	2	5	0	2	0	50	6	4
2	1	5	2	2	2	7	0	2	0	51	6	4
0	0	0	0	0	0	0	0	0	0	52	6	4
0	0	0	0	0	0	0	0	0	0	53	6	4
0	0	0	0	0	0	0	0	0	0	54	6	4
0	0	0	0	0	0	0	0	0	0	55	6	4
0	0	1	0	1	0	0	0	0	0	56	6	4
0	0	0	0	0	0	0	0	0	0	0	6	5
0	0	0	0	0	0	0	0	0	0	1	6	5
0	0	0	0	2	1	2	0	1	0	2	6	5
0	1	0	0	0	1	9	0	1	0	3	6	5
2	1	5	0	2	1	4	0	5	0	4	6	5
2	3	1	0	1	0	8	0	1	0	5	6	5
0	0	9	3	0	0	8	0	2	0	6	6	5
0	0	0	1	0	0	1	0	2	0	7	6	5
0	0	0	0	1	0	0	0	0	0	8	6	5
0	2	6	0	9	0	3	0	4	0	9	6	5
0	0	0	0	7	0	4	0	2	0	10	6	5
0	1	1	1	0	0	13	0	7	0	11	6	5
0	4	3	0	2	0	13	0	2	1	12	6	5
0	3	4	0	1	0	11	1	5	0	13	6	5
2	2	3	1	1	2	5	0	1	2	14	6	5
2	1	9	0	4	1	9	0	5	2	15	6	5
0	3	5	0	9	0	8	0	2	0	16	6	5
0	0	0	0	0	0	0	0	0	0	17	6	5
3	1	1	0	0	2	0	1	0	0	18	6	5
1	2	7	0	2	1	2	0	3	0	19	6	5
0	3	4	0	2	0	3	0	1	0	20	6	5
1	1	2	0	1	1	4	0	1	0	21	6	5
1	1	6	0	3	0	5	0	2	2	22	6	5
2	1	2	0	1	1	11	0	4	1	23	6	5
1	0	2	0	1	0	8	0	8	1	24	6	5
0	1	6	0	0	0	2	0	0	0	25	6	5
1	2	1	0	0	1	2	0	0	0	26	6	5
0	4	2	0	0	0	2	0	0	0	27	6	5
0	0	2	1	2	0	3	0	3	0	28	6	5
0	0	0	0	0	0	1	0	0	0	29	6	5
0	1	0	0	0	0	9	0	3	0	30	6	5
0	1	5	0	5	0	1	0	0	0	31	6	5
1	2	7	0	3	3	10	2	3	0	32	6	5
0	1	6	0	0	0	9	0	5	0	33	6	5
1	0	6	0	1	2	8	1	4	0	34	6	5
2	2	5	0	3	3	5	1	2	0	35	6	5
0	1	3	0	3	0	11	0	6	0	36	6	5
1	0	4	0	1	1	10	0	2	0	37	6	5
0	0	0	0	0	0	3	0	2	0	38	6	5
0	0	0	0	0	0	1	0	0	0	39	6	5
0	2	2	0	0	1	3	0	2	0	40	6	5
0	0	2	0	4	0	9	0	4	0	41	6	5
0	1	7	1	4	1	5	1	4	0	42	6	5
0	1	4	0	2	0	13	0	4	0	43	6	5
0	2	10	0	3	0	9	0	6	0	44	6	5
3	1	3	0	1	3	5	0	1	0	45	6	5
0	2	2	0	2	2	3	0	1	1	46	6	5
0	5	1	3	0	0	3	0	9	1	47	6	5
0	0	0	0	0	0	0	0	0	0	48	6	5
0	6	1	0	1	0	0	0	5	0	49	6	5
0	0	0	0	1	0	1	0	0	0	50	6	5
0	10	0	0	0	0	4	0	9	0	51	6	5
2	16	0	0	0	2	1	0	13	0	52	6	5
0	0	0	0	0	0	1	0	0	0	53	6	5
0	0	0	0	0	0	1	0	0	0	54	6	5
0	2	0	0	0	0	0	0	6	0	55	6	5
0	0	2	0	0	0	1	0	10	0	56	6	5
0	6	0	0	0	0	0	0	22	0	57	6	5
0	0	0	0	0	0	0	0	0	0	58	6	5
0	0	0	0	0	0	0	0	0	0	0	6	6
0	0	0	0	0	0	0	0	0	0	1	6	6
0	0	1	0	0	0	0	0	0	0	2	6	6
0	0	0	0	0	0	0	0	0	0	3	6	6
0	0	0	0	0	0	0	0	0	0	4	6	6
0	1	0	0	0	0	0	0	0	0	5	6	6
0	1	1	0	0	0	1	0	0	0	6	6	6
1	1	4	1	2	1	9	0	2	1	7	6	6
0	2	4	1	3	0	4	0	2	1	8	6	6
1	1	3	0	1	0	3	2	1	1	9	6	6
1	0	4	0	1	0	5	2	2	1	10	6	6
0	0	2	1	0	0	5	0	3	1	11	6	6
0	2	2	0	0	0	4	0	2	1	12	6	6
0	0	0	0	1	0	8	0	1	0	13	6	6
2	0	5	0	1	2	8	0	1	0	14	6	6
3	4	5	0	5	3	8	0	7	0	15	6	6
0	1	2	0	0	1	5	2	3	0	16	6	6
0	0	0	0	0	0	1	0	0	0	17	6	6
0	2	2	1	0	0	4	0	2	0	18	6	6
0	1	2	0	1	0	3	1	3	0	19	6	6
0	1	5	0	2	0	5	0	1	0	20	6	6
0	1	3	0	4	0	5	0	2	0	21	6	6
2	2	2	0	0	2	4	0	1	0	22	6	6
1	1	4	1	0	1	7	0	4	0	23	6	6
0	0	3	2	2	1	5	1	7	1	24	6	6
0	1	2	0	1	0	7	0	2	0	25	6	6
0	2	0	0	0	0	5	0	0	0	26	6	6
0	0	0	0	0	0	2	0	0	0	27	6	6
0	3	4	1	0	0	9	0	1	1	28	6	6
0	1	5	0	0	0	7	0	1	0	29	6	6
0	2	4	1	1	0	3	0	0	0	30	6	6
1	1	0	0	0	1	3	1	1	1	31	6	6
0	0	0	0	1	0	3	0	1	0	32	6	6
0	2	0	0	4	0	8	0	2	0	33	6	6
0	4	5	0	2	0	11	0	2	0	34	6	6
0	1	4	0	1	0	8	2	4	0	35	6	6
0	0	3	0	1	0	13	0	4	1	36	6	6
0	1	0	0	0	0	8	0	3	0	37	6	6
0	0	2	0	2	0	2	0	0	0	38	6	6
0	0	0	0	0	0	0	0	0	0	39	6	6
3	1	4	0	1	3	5	0	1	0	40	6	6
1	2	3	0	1	4	1	4	3	0	41	6	6
0	0	2	0	0	0	4	0	2	0	42	6	6
0	5	4	0	2	0	5	0	3	0	43	6	6
0	0	1	0	0	1	3	1	0	0	44	6	6
0	0	2	0	1	0	2	1	1	0	45	6	6
1	0	1	0	0	0	6	0	0	0	46	6	6
0	2	7	0	2	1	6	2	3	0	47	6	6
0	1	1	0	0	4	6	0	0	1	48	6	6
1	3	6	0	3	1	5	0	4	0	49	6	6
0	0	2	0	1	0	2	0	4	0	50	6	6
0	0	9	2	1	0	8	0	2	0	51	6	6
1	1	3	0	1	1	7	1	8	0	52	6	6
0	0	0	0	0	0	2	0	1	0	53	6	6
0	1	1	0	2	0	1	0	2	0	54	6	6
1	1	5	1	2	2	2	0	4	2	55	6	6
0	0	1	0	1	0	2	0	0	0	56	6	6
3	2	7	0	3	3	10	0	4	0	57	6	6
0	0	0	0	0	0	0	0	0	0	58	6	6
0	0	0	0	0	0	0	0	0	0	59	6	6
0	0	0	0	0	0	1	0	0	0	0	6	7
0	0	1	0	1	0	1	0	0	0	1	6	7
1	0	4	0	4	0	5	0	1	0	2	6	7
0	3	2	0	2	0	3	1	2	0	3	6	7
3	6	12	0	1	0	2	1	6	2	4	6	7
1	1	1	0	0	0	7	0	0	0	5	6	7
0	2	7	0	2	1	7	3	3	0	6	6	7
0	0	3	0	2	1	11	1	10	0	7	6	7
0	2	7	1	3	0	10	0	0	0	8	6	7
2	1	7	0	2	3	5	2	1	0	9	6	7
0	3	6	1	1	1	12	2	4	1	10	6	7
0	2	4	4	1	0	4	0	4	0	11	6	7
0	0	1	0	0	1	2	1	0	0	12	6	7
0	1	4	0	2	1	9	1	1	0	13	6	7
1	0	2	0	2	2	10	0	2	0	14	6	7
1	2	0	0	0	1	3	0	0	0	15	6	7
0	0	0	0	0	0	1	0	0	0	16	6	7
1	1	5	0	0	2	4	1	1	0	17	6	7
3	0	3	0	1	2	8	0	2	0	18	6	7
0	0	5	1	1	1	7	0	2	0	19	6	7
0	0	0	0	0	1	1	0	2	0	20	6	7
2	0	4	0	1	2	8	0	3	2	21	6	7
0	0	0	0	0	0	2	0	0	0	22	6	7
5	2	2	0	1	2	2	0	1	1	23	6	7
1	1	1	0	1	0	4	0	2	2	24	6	7
1	0	9	1	2	0	6	0	4	0	25	6	7
0	0	5	1	3	0	3	0	1	0	26	6	7
3	4	7	0	4	3	6	0	2	0	27	6	7
0	0	4	1	2	0	4	0	5	1	28	6	7
1	1	2	0	5	1	7	0	5	0	29	6	7
3	3	3	1	5	4	1	1	9	0	30	6	7
5	5	6	1	4	4	7	0	3	0	31	6	7
0	1	3	0	4	0	6	0	4	0	32	6	7
0	0	2	0	2	0	1	0	1	0	33	6	7
0	0	5	0	1	1	2	1	3	2	34	6	7
2	3	1	0	2	3	3	0	3	0	35	6	7
0	1	2	1	2	0	8	0	1	0	36	6	7
0	0	4	0	1	0	3	0	5	0	37	6	7
1	0	1	1	0	1	7	0	8	0	38	6	7
0	0	6	1	2	1	1	0	4	0	39	6	7
0	1	0	0	0	0	0	0	2	0	40	6	7
0	0	0	0	0	0	4	0	2	0	41	6	7
0	1	2	0	0	0	10	0	2	1	42	6	7
1	2	0	0	0	0	4	0	1	1	43	6	7
1	0	3	0	0	0	2	0	0	0	44	6	7
1	1	4	0	1	1	5	1	6	2	45	6	7
1	1	5	0	2	1	6	0	7	1	46	6	7
2	0	0	0	0	0	2	0	5	2	47	6	7
1	3	2	0	0	1	6	0	1	0	48	6	7
1	0	6	0	3	0	7	0	1	0	49	6	7
0	1	2	0	0	0	6	0	1	0	50	6	7
0	2	1	0	1	0	4	0	2	0	51	6	7
0	1	0	0	0	0	2	0	2	0	52	6	7
1	3	2	0	2	0	3	0	3	1	53	6	7
3	2	3	2	1	2	6	0	4	2	54	6	7
1	0	0	0	0	0	3	0	1	0	55	6	7
0	0	0	0	1	0	1	0	0	0	56	6	7
0	0	0	0	0	0	0	0	0	0	0	6	8
0	1	1	0	0	0	0	0	0	0	1	6	8
1	3	3	0	2	3	4	1	2	0	2	6	8
1	0	2	0	0	0	3	1	3	1	3	6	8
0	1	1	0	2	0	3	0	0	0	4	6	8
0	3	4	2	1	0	12	0	7	0	5	6	8
0	2	3	0	0	0	8	0	2	0	6	6	8
0	0	0	0	0	0	2	0	1	0	7	6	8
2	0	5	0	4	1	10	0	5	2	8	6	8
3	1	0	0	0	0	3	0	4	3	9	6	8
2	1	4	0	1	1	12	0	3	0	10	6	8
2	2	3	0	3	2	4	0	0	0	11	6	8
1	1	3	0	1	3	9	2	3	0	12	6	8
1	0	3	0	2	1	1	0	1	0	13	6	8
0	1	0	0	1	0	3	0	1	0	14	6	8
2	2	3	0	2	1	2	1	5	2	15	6	8
4	0	3	0	1	0	9	0	10	5	16	6	8
2	5	6	1	6	0	6	1	6	5	17	6	8
1	2	4	2	3	1	4	1	7	1	18	6	8
0	2	1	2	1	0	5	0	4	1	19	6	8
0	0	1	0	1	0	4	0	3	0	20	6	8
0	2	4	1	2	1	8	1	3	1	21	6	8
0	2	2	2	1	0	9	0	3	1	22	6	8
0	0	1	0	2	0	1	1	1	0	23	6	8
0	2	2	1	3	0	2	0	1	0	24	6	8
1	2	2	1	1	1	7	0	3	0	25	6	8
1	0	0	0	0	3	2	2	1	0	26	6	8
3	1	7	0	3	3	13	0	5	0	27	6	8
0	0	7	1	1	1	11	0	1	0	28	6	8
0	0	3	0	1	0	4	0	5	0	29	6	8
1	1	4	0	1	3	12	1	2	0	30	6	8
1	0	4	0	1	1	5	0	3	1	31	6	8
1	3	7	1	7	1	15	1	2	0	32	6	8
1	2	6	2	3	1	9	1	4	1	33	6	8
3	0	3	0	2	0	13	0	3	0	34	6	8
2	1	5	1	4	3	7	0	8	0	35	6	8
0	0	7	0	1	0	7	0	2	0	36	6	8
0	0	5	1	2	2	1	1	4	0	37	6	8
1	0	6	0	4	0	3	0	1	1	38	6	8
0	0	1	0	0	0	0	0	0	0	39	6	8
0	0	2	1	2	0	1	0	1	0	40	6	8
0	0	0	0	1	0	1	0	0	0	41	6	8
0	2	4	3	1	0	6	0	1	1	42	6	8
0	2	0	0	0	0	1	0	0	0	43	6	8
1	0	3	0	0	1	7	0	3	0	44	6	8
0	0	0	0	0	0	0	0	0	0	45	6	8
2	3	4	0	3	1	10	1	3	3	46	6	8
0	3	1	0	1	0	7	0	1	1	47	6	8
0	1	2	0	2	0	0	0	0	0	48	6	8
1	1	3	0	1	1	11	1	1	0	49	6	8
0	1	0	0	0	0	5	0	1	0	50	6	8
0	1	1	0	2	0	2	0	0	0	51	6	8
0	1	1	0	1	0	5	0	0	0	52	6	8
0	0	0	0	0	0	0	0	0	0	53	6	8
0	0	0	0	0	0	4	0	0	0	54	6	8
0	0	0	0	0	0	0	0	0	0	55	6	8
0	0	0	1	2	0	1	0	1	0	56	6	8
0	0	0	0	0	0	0	0	0	0	57	6	8
0	0	0	0	0	0	0	0	0	0	0	6	9
0	1	1	0	0	0	2	0	1	0	1	6	9
0	3	5	0	0	0	9	0	3	0	2	6	9
1	0	5	1	4	0	6	1	1	0	3	6	9
1	1	3	1	0	1	4	0	3	0	4	6	9
0	0	0	0	0	0	1	0	0	0	5	6	9
0	0	0	0	0	0	0	0	0	0	6	6	9
1	2	1	1	0	1	0	0	2	0	7	6	9
3	4	5	0	1	3	7	0	4	0	8	6	9
1	2	1	0	0	1	6	0	0	0	9	6	9
0	1	0	0	1	0	3	0	1	0	10	6	9
1	2	4	1	3	1	6	2	5	0	11	6	9
0	3	3	0	3	0	12	0	1	0	12	6	9
1	3	3	1	1	1	5	0	1	0	13	6	9
0	0	4	0	1	0	6	0	1	0	14	6	9
1	1	1	0	3	0	12	0	1	0	15	6	9
0	0	6	0	3	1	4	1	4	0	16	6	9
1	0	3	2	1	0	18	0	3	0	17	6	9
0	3	3	0	2	0	21	0	3	0	18	6	9
1	0	2	0	2	0	5	0	4	1	19	6	9
1	1	9	0	4	2	9	0	3	0	20	6	9
2	2	1	0	1	1	9	0	0	1	21	6	9
0	0	3	0	3	1	5	0	2	0	22	6	9
0	2	6	0	0	0	4	0	1	0	23	6	9
0	0	0	0	0	0	0	0	0	0	24	6	9
2	2	6	0	2	3	7	1	3	0	25	6	9
0	3	5	1	3	0	16	0	2	0	26	6	9
0	0	8	0	2	0	8	0	4	1	27	6	9
1	0	9	1	4	0	12	0	2	0	28	6	9
0	0	0	0	0	0	0	0	0	0	29	6	9
0	0	3	0	1	0	6	0	1	0	30	6	9
0	0	0	0	0	0	0	0	0	0	31	6	9
0	0	0	0	0	0	0	0	0	0	32	6	9
0	0	3	0	1	0	2	0	0	0	33	6	9
0	0	0	0	0	0	1	0	0	0	34	6	9
0	0	0	0	1	0	0	0	0	0	35	6	9
0	0	0	0	0	0	0	0	0	0	36	6	9
0	0	0	0	0	0	0	0	0	0	37	6	9
0	0	2	0	0	0	0	0	3	0	38	6	9
0	0	0	0	1	0	0	0	0	0	39	6	9
0	0	0	0	1	0	0	0	0	0	40	6	9
1	0	0	1	0	0	0	0	2	1	41	6	9
0	0	0	0	1	0	4	0	0	0	42	6	9
0	0	0	0	0	0	3	0	0	0	43	6	9
0	1	2	0	0	0	0	0	0	0	44	6	9
1	0	0	0	0	0	0	1	0	1	45	6	9
0	0	1	0	0	0	1	0	1	0	46	6	9
0	0	0	0	1	0	2	0	1	0	47	6	9
0	0	0	0	0	0	0	0	0	0	48	6	9
0	0	0	0	0	0	0	0	0	0	0	6	10
0	0	1	0	0	0	2	0	0	0	1	6	10
0	0	1	0	1	1	1	1	0	0	2	6	10
2	4	2	0	5	2	3	2	7	0	3	6	10
0	1	5	2	3	0	3	0	0	0	4	6	10
0	0	0	0	0	0	1	0	0	0	5	6	10
0	0	4	0	0	0	3	0	1	0	6	6	10
0	0	1	0	0	0	1	0	1	0	7	6	10
1	1	2	0	0	0	6	0	0	0	8	6	10
0	0	0	0	0	0	0	0	0	0	9	6	10
0	0	0	0	0	0	1	0	0	0	10	6	10
0	3	0	0	1	0	3	0	2	1	11	6	10
0	0	0	0	0	0	0	0	0	0	12	6	10
0	5	0	0	1	0	6	0	0	0	13	6	10
3	6	8	0	0	1	8	2	4	2	14	6	10
0	7	0	0	0	0	4	0	0	0	15	6	10
0	2	0	0	0	0	5	0	0	0	16	6	10
0	1	2	0	0	0	1	0	2	0	17	6	10
1	2	3	1	1	0	4	0	3	1	18	6	10
3	2	2	1	2	1	5	0	3	0	19	6	10
2	1	4	0	0	2	4	0	2	0	20	6	10
0	2	3	1	0	0	5	0	4	0	21	6	10
1	0	1	0	1	0	0	1	0	1	22	6	10
0	1	5	0	1	1	1	1	2	1	23	6	10
0	0	1	0	2	0	0	0	0	0	24	6	10
0	0	2	2	0	0	9	0	1	0	25	6	10
0	5	4	0	5	0	6	0	2	0	26	6	10
4	6	5	0	4	3	7	0	1	0	27	6	10
1	2	1	0	1	0	2	0	0	0	28	6	10
0	1	2	1	1	1	4	0	4	0	29	6	10
1	1	1	0	1	1	2	0	1	0	30	6	10
3	3	4	0	3	3	9	1	3	1	31	6	10
2	1	4	0	2	1	5	0	2	0	32	6	10
2	0	9	0	1	0	3	0	5	2	33	6	10
1	1	2	1	0	1	7	0	2	0	34	6	10
0	0	2	0	2	0	7	0	3	0	35	6	10
0	1	5	0	2	1	13	1	5	0	36	6	10
2	1	5	0	3	1	11	0	5	0	37	6	10
1	2	3	1	1	2	3	1	1	1	38	6	10
0	0	1	0	0	0	6	0	0	0	39	6	10
0	1	0	0	0	0	3	0	0	0	40	6	10
0	0	0	0	2	0	4	0	2	0	41	6	10
0	0	1	0	3	1	2	0	1	0	42	6	10
0	1	5	0	1	0	5	0	6	0	43	6	10
2	2	3	0	1	2	3	0	2	2	44	6	10
0	1	1	0	0	0	5	0	0	0	45	6	10
0	0	1	0	0	0	2	0	1	0	46	6	10
0	2	1	0	0	0	1	0	0	0	47	6	10
2	0	1	0	0	0	3	0	0	0	48	6	10
2	2	3	1	1	2	6	0	6	0	49	6	10
0	3	5	0	3	1	3	0	2	0	50	6	10
1	2	4	0	3	0	3	0	4	0	51	6	10
0	0	5	0	0	0	3	0	0	0	52	6	10
0	0	0	0	0	0	0	0	0	0	53	6	10
0	0	3	0	1	0	0	0	1	0	54	6	10
0	0	1	0	0	0	0	0	0	0	55	6	10