time	anger	death	family	home	humans	negative_affect	positive_affect	religion	sexual	swear
0	0	0	0	0	2	0	1	0	2	0
1	1	3	2	0	3	2	6	0	4	0
2	0	1	0	0	1	0	3	0	1	0
3	0	0	0	0	0	0	0	0	0	0
4	0	0	1	0	0	0	0	0	0	0
5	0	1	3	0	6	1	7	0	3	1
6	3	4	5	2	1	3	5	0	3	0
7	2	1	3	0	2	2	6	0	4	1
8	0	3	2	0	1	0	5	0	3	0
9	3	2	4	0	0	1	5	0	5	1
10	0	5	5	0	2	0	12	0	5	0
11	0	3	6	0	4	0	9	0	5	0
12	0	0	2	0	0	1	5	0	1	0
13	1	1	0	0	0	0	8	1	2	1
14	2	2	7	0	2	0	16	0	7	1
15	1	3	15	1	4	2	20	1	3	0
16	0	1	2	0	2	2	6	1	5	0
17	0	3	2	0	2	0	4	1	1	0
18	2	2	6	0	1	1	10	0	9	0
19	1	0	9	4	4	1	17	0	11	1
20	1	3	4	3	2	1	11	0	4	0
21	2	1	6	1	3	1	6	1	1	1
22	2	1	11	1	2	2	15	2	5	1
23	0	1	10	2	7	0	16	4	6	2
24	1	3	10	0	1	2	9	1	2	1
25	1	1	0	0	2	1	5	0	0	0
26	0	2	7	0	1	0	9	0	3	1
27	0	0	1	0	0	0	3	0	1	0
28	0	1	1	0	0	0	7	0	1	0
29	2	0	3	0	1	1	2	0	2	1
30	2	2	15	2	2	1	14	0	5	1
31	0	0	0	0	1	0	1	0	1	0
32	0	0	3	0	0	0	12	0	9	5
33	0	3	9	0	4	0	16	0	4	1
34	0	4	8	0	6	1	12	1	5	0
35	0	3	5	2	4	1	16	0	8	1
36	1	3	3	0	3	0	13	0	0	0
37	1	1	4	0	2	1	17	0	6	0
38	0	1	4	0	0	0	6	0	0	0
39	2	1	3	0	2	2	6	0	3	0
40	0	4	4	0	1	0	8	0	2	0
41	3	6	6	1	2	2	13	0	4	2
42	2	3	9	2	7	4	28	0	10	0
43	0	0	2	1	0	0	1	0	5	0
44	3	5	15	0	2	3	13	0	3	0
45	1	3	5	1	6	2	14	0	2	2
46	0	1	0	0	1	0	5	1	0	0
47	0	1	5	0	3	1	8	0	5	0
48	1	1	4	1	4	1	8	0	1	0
49	2	3	6	0	3	2	11	0	2	1
50	0	1	9	0	5	0	18	0	5	0
51	0	0	0	0	0	0	2	0	0	0
52	2	0	7	0	4	3	12	1	4	0
53	0	1	2	0	6	0	5	0	4	0
54	0	0	1	0	0	0	6	0	1	1
55	1	0	9	1	9	1	24	2	2	1
56	0	1	3	2	8	0	15	0	2	0
57	0	1	0	0	1	0	0	0	0	0
58	0	2	4	1	5	0	22	0	8	0
59	0	0	2	0	1	0	2	0	1	0
60	1	6	8	2	3	1	19	0	3	1
61	2	1	17	1	8	2	18	0	6	0
62	2	2	19	1	4	1	21	2	8	0
63	3	2	18	2	9	1	13	0	12	2
64	3	6	5	1	2	4	17	1	5	0
65	2	1	7	0	4	0	9	0	6	0
66	4	1	3	0	2	2	18	3	6	1
67	0	3	7	0	3	2	12	0	9	0
68	0	2	6	0	7	3	12	2	4	0
69	1	1	5	0	4	2	8	1	5	0
70	0	2	8	0	7	0	14	0	2	0
71	2	2	12	0	3	0	20	1	2	0
72	5	4	9	1	7	3	21	1	5	1
73	2	2	2	0	4	0	5	0	5	2
74	0	4	8	0	3	1	15	1	6	0
75	4	3	6	1	1	4	14	1	4	1
76	1	1	2	0	3	0	10	0	5	0
77	0	2	5	0	2	2	18	0	1	0
78	0	1	5	0	2	0	14	0	4	0
79	1	3	12	0	2	1	30	0	3	0
80	1	2	4	0	1	1	17	0	4	0
81	0	2	6	0	5	0	10	0	4	0
82	1	1	9	0	6	1	10	0	9	0
83	0	2	5	1	1	0	6	0	0	0
84	0	2	7	0	7	0	14	0	3	0
85	1	4	1	1	1	1	2	0	0	0
86	0	2	7	1	5	0	15	2	6	1
87	0	0	2	0	0	0	2	0	0	0
88	4	6	6	0	5	5	20	1	6	1
89	0	2	14	1	5	1	21	0	6	1
90	3	3	5	0	2	1	12	2	8	3
91	6	8	2	0	1	5	5	0	0	1
92	1	0	6	0	3	1	7	1	3	0
93	1	4	7	0	8	1	22	0	6	2
94	0	1	4	1	1	3	11	0	8	0
95	2	3	12	0	8	3	22	1	6	1
96	2	2	16	0	5	4	19	3	10	1
97	0	3	9	0	6	1	20	1	3	1
98	0	3	10	0	7	1	20	1	9	0
99	3	2	5	0	0	2	9	1	4	1
100	0	2	4	0	2	3	11	2	5	1
101	1	0	3	1	1	1	20	1	11	0
102	2	1	9	0	3	3	20	1	2	0
103	1	3	6	0	1	0	17	0	4	0
104	0	0	2	1	2	0	5	0	4	0
105	1	0	10	0	7	2	14	0	4	0
106	0	1	5	1	2	1	20	0	4	0
107	1	3	5	0	7	1	11	0	5	0
108	2	3	5	0	10	3	21	0	10	4
109	0	1	9	4	1	0	11	0	4	0
110	0	2	2	0	1	0	4	0	4	1
111	0	1	11	2	6	1	15	2	13	0
112	0	5	8	3	6	2	19	2	3	0
113	0	2	6	0	9	0	11	0	7	0
114	4	4	13	2	4	2	18	1	7	0
115	2	6	14	0	7	5	19	1	10	2
116	0	2	2	0	1	0	5	1	2	0
117	1	0	3	0	0	1	5	0	3	0
118	2	5	9	0	1	3	11	1	5	1
119	0	3	3	0	5	0	4	0	1	1
120	1	5	17	9	2	0	12	0	13	0
121	5	4	6	1	8	8	13	1	9	2
122	0	0	8	0	2	4	8	2	7	0
123	2	6	12	0	6	2	19	0	8	0
124	0	3	11	0	4	1	11	1	9	0
125	2	2	9	2	3	7	22	5	3	0
126	3	1	6	0	5	3	14	1	2	1
127	0	3	10	2	8	0	13	0	6	0
128	5	5	18	1	7	5	18	1	10	1
129	4	7	9	1	8	4	17	0	15	0
130	3	6	4	1	7	3	22	0	6	0
131	2	5	12	0	8	2	14	0	3	0
132	3	7	7	0	8	4	20	1	13	1
133	5	3	9	0	2	4	18	0	8	0
134	1	2	6	0	5	4	10	1	6	0
135	2	3	6	0	2	1	8	0	7	1
136	0	0	5	0	2	1	16	0	4	0
137	1	2	8	0	6	1	19	2	6	1
138	1	3	12	0	4	1	12	0	1	0
139	0	0	1	0	0	0	0	0	0	0
140	0	2	9	0	4	0	16	0	6	0
141	3	6	11	0	4	2	22	1	4	2
142	0	0	1	0	0	0	2	0	0	0
143	2	4	6	0	2	2	2	0	3	0
144	1	3	4	1	3	1	7	0	2	1
145	3	3	8	1	3	3	9	0	1	0
146	1	6	0	1	0	0	8	0	3	1
147	0	1	0	0	1	0	18	0	4	0
148	0	1	0	0	0	1	19	1	2	0
149	1	1	4	0	0	1	19	1	10	1
150	0	0	4	0	2	0	9	0	1	0
151	3	5	14	1	9	6	7	2	7	2
152	2	0	9	1	4	0	11	0	6	0
153	1	4	10	0	7	1	19	0	6	2
154	4	1	13	1	9	1	14	0	9	2
155	3	1	13	2	6	4	16	3	8	1
156	1	3	9	1	3	1	10	0	6	1
157	1	1	1	0	1	1	1	0	1	0
158	0	0	5	1	3	0	2	1	2	0
159	1	1	7	2	3	1	15	0	2	0
160	1	2	7	0	5	1	10	0	4	0
161	1	2	8	2	3	1	18	1	6	1
162	0	0	4	1	0	0	15	0	1	0
163	1	1	7	1	1	1	15	1	2	0
164	0	0	4	0	1	0	4	0	0	0
165	1	5	12	3	2	1	23	0	0	1
166	0	0	3	0	3	0	0	0	0	0
167	0	3	7	1	6	1	15	0	3	0
168	1	4	14	4	5	2	8	1	6	0
169	2	3	11	2	4	0	21	0	6	0
170	2	3	7	0	7	3	11	0	2	0
171	0	1	4	0	5	1	19	1	5	1
172	1	2	6	0	5	1	24	1	9	2
173	1	1	1	0	1	3	13	1	6	1
174	0	0	7	2	4	1	16	0	3	0
175	0	1	5	0	4	0	4	0	8	0
176	0	0	3	0	0	0	6	1	3	0
177	1	1	3	0	2	0	2	0	6	3
178	2	1	12	0	8	1	14	0	3	0
179	0	1	5	1	1	0	5	0	3	0
180	0	0	8	2	5	1	19	1	5	0
181	1	3	4	1	2	1	24	0	10	0
182	2	4	4	0	1	2	7	0	5	0
183	3	9	5	0	1	3	8	0	8	1
184	3	4	10	0	7	3	8	0	3	1
185	2	1	12	2	8	5	11	3	4	2
186	2	11	18	1	6	2	17	0	9	1
187	1	3	9	2	2	2	11	0	4	2
188	1	1	8	0	3	1	9	1	7	0
189	0	4	4	0	5	1	13	0	5	0
190	0	1	2	0	0	1	6	1	2	2
191	0	2	3	1	0	0	1	0	0	0
192	0	2	8	0	4	0	7	0	3	0
193	0	5	11	1	9	0	7	0	2	0
194	1	1	0	0	0	1	0	0	1	0
195	0	0	0	0	0	0	0	0	0	0
196	3	4	2	1	2	3	8	0	2	1
197	0	3	3	0	6	0	6	0	0	1
198	2	4	1	0	1	2	2	0	3	0
199	3	5	6	0	5	5	17	2	9	0
200	1	4	8	0	2	1	3	0	4	0
201	2	3	12	1	2	2	21	0	6	0
202	0	0	13	0	3	0	15	1	2	1
203	3	5	10	2	1	5	10	1	4	0
204	1	2	8	1	4	1	13	0	4	0
205	0	3	7	1	5	0	16	0	6	1
206	0	2	2	0	0	0	7	0	0	0
207	1	0	3	0	3	0	1	1	2	1
208	1	2	1	0	1	1	9	0	2	0
209	0	0	2	0	1	0	12	0	3	0
210	0	2	3	0	3	0	3	0	3	0
211	1	1	5	1	5	0	4	0	4	2
212	0	3	2	0	1	0	14	0	1	1
213	1	9	4	0	4	0	12	0	3	0
214	0	2	3	0	1	1	11	1	7	0
215	1	3	6	0	5	1	10	0	10	2
216	3	4	13	0	6	4	17	0	4	0
217	3	3	13	2	2	2	9	1	5	1
218	3	3	15	1	6	4	16	0	9	1
219	0	0	3	2	4	2	13	2	2	0
220	1	1	8	1	3	1	12	0	2	0
221	1	8	14	0	7	0	19	1	6	1
222	4	2	9	1	6	4	20	3	6	0
223	0	0	4	0	0	0	9	1	1	0
224	1	2	10	0	8	0	19	1	4	0
225	1	3	8	0	3	1	8	0	6	0
226	2	0	8	1	9	5	24	4	5	0
227	1	3	12	2	2	1	11	0	3	0
228	2	4	9	1	5	3	13	1	6	0
229	0	3	5	0	4	0	15	0	7	1
230	2	4	8	0	3	4	19	2	5	0
231	0	0	3	0	2	0	6	0	2	1
232	1	1	14	1	5	0	13	0	12	0
233	1	0	8	0	3	1	3	0	3	0
234	0	2	9	1	5	0	11	0	4	1
235	2	5	10	1	5	2	21	0	7	0
236	1	0	3	0	1	0	9	0	4	1
237	0	5	1	0	2	0	18	0	4	1
238	1	2	6	2	0	1	12	0	5	0
239	0	1	0	0	2	1	8	1	2	1
240	2	2	6	0	2	4	15	1	1	0
241	1	1	9	1	6	1	15	0	7	0
242	0	1	7	0	6	2	23	1	7	1
243	4	2	15	2	11	3	19	1	15	2
244	2	4	8	0	6	2	11	0	1	0
245	1	5	2	0	6	1	7	0	1	0
246	2	3	2	0	6	3	10	0	3	0
247	1	3	5	0	1	2	8	1	4	0
248	1	3	4	0	2	1	2	0	1	0
249	0	3	7	0	6	1	9	2	2	1
250	1	0	2	0	0	1	3	0	0	0
251	0	1	0	0	0	0	1	0	0	0
252	0	1	2	0	10	0	8	0	2	0
253	2	3	7	0	9	2	17	0	3	0
254	0	2	3	0	3	1	4	0	1	0
255	1	1	6	1	1	5	18	4	2	0
256	0	1	10	1	2	0	15	0	6	0
257	0	1	9	0	3	0	8	0	2	0
258	0	2	16	0	1	0	2	0	2	0
259	1	4	4	1	5	0	17	1	10	1
260	2	3	10	1	3	3	18	1	4	0
261	3	2	10	0	1	2	10	0	2	0
262	1	2	6	0	7	1	12	0	4	0
263	1	2	2	0	2	1	10	0	2	0
264	0	1	6	0	4	0	23	0	3	0
265	0	3	8	0	4	0	20	0	4	1
266	1	1	5	0	1	0	7	1	1	1
267	0	1	0	0	0	0	1	0	0	0
268	2	7	21	0	8	3	8	0	3	0
269	0	1	7	0	5	0	12	1	6	0
270	0	2	14	0	10	0	21	0	2	0
271	0	3	8	0	9	2	23	2	2	0
272	1	2	7	0	3	1	13	0	9	0
273	3	7	5	0	5	2	8	0	3	0
274	0	3	3	0	1	0	11	0	4	0
275	0	0	0	0	0	0	0	0	0	0
276	0	2	0	0	0	0	0	0	0	0
277	0	0	0	0	0	0	0	0	0	0
278	0	0	1	0	0	0	19	0	7	0
279	0	2	11	0	7	1	26	1	6	1
280	3	2	7	0	3	2	20	0	4	2
281	5	2	15	1	4	3	22	1	7	0
282	2	7	12	0	6	2	9	0	7	0
283	0	2	9	0	5	0	7	0	3	0
284	0	3	4	0	0	0	4	0	1	0
285	1	5	2	0	1	1	12	0	3	0
286	0	0	3	0	3	2	12	2	1	1
287	0	4	11	0	4	0	29	1	3	1
288	3	4	10	1	5	4	15	1	4	0
289	1	4	1	0	2	1	4	0	6	0
290	3	3	5	0	1	4	7	1	0	0
291	1	2	20	0	9	0	22	0	13	0
292	1	4	5	0	2	1	8	0	4	0
293	1	0	11	0	10	0	13	0	4	0
294	1	4	6	0	0	2	11	1	8	1
295	2	2	11	1	8	2	22	1	7	0
296	5	5	11	5	3	7	9	1	9	0
297	2	1	11	1	5	0	17	0	6	0
298	2	3	8	2	5	3	16	1	6	0
299	0	3	8	3	5	0	10	0	1	0
300	2	1	7	0	4	1	9	0	6	4
301	0	1	6	1	6	0	7	0	3	0
302	1	0	2	2	1	1	2	0	2	0
303	2	2	13	0	8	4	16	2	7	0
304	0	0	0	0	1	0	2	0	0	0
305	2	2	13	1	10	2	20	0	12	2
306	2	4	8	2	3	2	11	0	5	1
307	1	2	11	1	3	2	14	0	10	0
308	2	7	16	1	9	6	29	3	3	1
309	1	2	10	1	5	3	10	0	10	0
310	4	0	4	0	5	3	18	1	4	1
311	0	2	1	0	1	0	8	0	1	0
312	0	0	4	0	1	1	8	1	5	0
313	0	1	10	0	7	1	14	0	5	0
314	0	1	2	0	3	1	17	1	4	0
315	1	1	8	0	8	2	16	0	5	0
316	4	7	13	2	8	5	27	1	7	0
317	2	0	10	0	10	2	8	1	5	0
318	0	6	11	1	3	1	18	0	13	1
319	0	0	4	1	11	1	14	1	9	2
320	0	2	6	0	3	0	17	1	4	0
321	1	1	13	0	4	1	17	0	4	0
322	2	5	19	1	7	1	11	0	6	1
323	1	2	16	0	9	2	23	1	8	0
324	5	6	14	0	5	3	20	3	10	4
325	2	7	11	3	5	2	23	2	10	0
326	1	0	8	1	2	2	20	1	7	0
327	2	2	6	0	5	2	10	1	4	0
328	0	0	4	0	1	0	2	0	0	0
329	1	6	13	0	12	1	15	0	5	0
330	0	0	2	0	2	0	0	0	1	0
331	2	3	3	0	7	3	13	1	2	0
332	0	2	3	0	0	0	5	0	3	0
333	3	4	8	1	1	3	15	0	8	0
334	1	1	2	1	2	0	1	0	0	0
335	1	0	10	0	6	0	13	0	4	0
336	5	6	10	0	9	3	19	0	4	0
337	2	1	4	0	3	2	8	0	4	0
338	5	4	3	0	5	4	12	0	4	0
339	0	2	6	4	4	0	14	0	9	1
340	1	2	5	0	1	2	7	1	2	0
341	0	2	4	4	6	0	20	0	5	0
342	1	1	7	0	2	1	13	0	5	0
343	2	2	12	1	3	3	16	2	5	2
344	1	1	5	0	0	1	9	0	2	1
345	1	1	3	0	1	1	12	0	5	0
346	4	1	7	0	0	3	11	0	5	0
347	0	1	1	0	1	0	2	0	2	0
348	3	5	13	0	1	2	18	0	3	0
349	3	3	10	1	3	3	13	1	6	0
350	1	3	11	1	7	1	17	0	8	0
351	1	0	4	0	2	2	5	0	7	0
352	0	5	7	2	2	1	12	1	3	0
353	2	0	7	0	3	1	6	0	5	2
354	0	0	2	0	6	0	9	0	0	0
355	0	0	2	0	0	0	4	0	1	0
356	0	2	3	0	2	1	12	0	8	0
357	1	4	11	1	5	1	11	0	5	0
358	3	4	12	4	5	3	28	0	4	0
359	2	3	17	1	6	3	23	1	3	0
360	1	0	6	0	3	1	17	0	2	1
361	0	0	2	0	1	0	4	0	1	0
362	0	1	7	0	3	0	18	1	7	0
363	2	3	18	1	3	3	14	0	2	0
364	0	1	6	2	1	2	8	0	3	0
365	0	3	6	0	0	0	5	0	3	0
366	0	0	6	0	6	2	10	1	5	0
367	0	3	8	1	1	0	10	0	2	0
368	0	3	3	0	1	0	3	0	7	0
369	1	2	5	0	3	1	10	1	10	0
370	1	1	15	5	6	2	17	1	10	0
371	0	2	4	0	2	0	10	0	6	0
372	1	3	3	0	3	0	21	0	4	0
373	0	1	5	0	1	0	1	0	3	0
374	0	1	7	1	6	3	12	1	0	0
375	4	2	13	2	7	2	31	0	9	1
376	0	3	8	1	3	3	21	4	6	0
377	1	7	5	0	3	2	14	1	4	0
378	0	5	6	0	7	2	14	0	3	2
379	0	1	0	0	0	0	0	0	2	0
380	2	2	11	0	2	3	10	0	3	0
381	1	2	2	1	2	1	3	0	2	0
382	2	2	10	1	3	1	17	0	2	0
383	0	0	12	1	4	1	17	1	8	0
384	3	0	15	0	4	2	26	1	7	1
385	2	1	10	0	4	2	17	0	8	0
386	0	2	9	1	2	3	15	0	6	1
387	1	0	5	0	6	1	10	1	6	0
388	1	3	2	1	6	1	26	0	10	0
389	1	3	5	3	4	2	13	1	6	0
390	1	1	2	0	8	2	3	0	2	0
391	0	2	11	0	7	0	18	0	7	1
392	1	4	4	0	5	1	10	0	6	0
393	0	5	9	0	9	1	9	1	7	1
394	1	1	9	1	3	2	8	1	1	0
395	1	0	11	0	6	2	14	0	3	0
396	2	6	9	0	4	3	13	0	7	0
397	1	2	6	1	3	2	18	1	3	1
398	0	4	3	1	3	0	19	0	6	0
399	1	6	8	3	8	1	16	0	8	0
400	0	3	3	1	4	0	14	0	3	0
401	2	2	10	0	8	1	17	0	6	1
402	3	1	12	2	4	3	23	0	9	0
403	2	6	9	1	4	1	20	0	8	0
404	2	3	4	1	1	2	17	0	8	1
405	0	1	0	0	0	0	1	0	1	0
406	1	3	0	1	2	0	13	0	3	0
407	0	2	6	1	3	0	17	0	5	0
408	2	9	9	1	3	2	14	0	8	0
409	1	6	7	1	5	3	10	0	3	1
410	2	4	4	3	3	3	12	0	8	1
411	2	4	8	0	7	1	13	0	8	1
412	0	3	11	2	6	1	14	0	5	0
413	0	1	6	2	3	0	13	0	4	0
414	0	2	9	0	5	0	14	0	10	1
415	0	1	6	0	4	0	6	0	0	0
416	1	1	5	0	0	2	1	0	0	0
417	0	1	8	0	2	2	20	1	9	0
418	3	2	9	0	0	3	4	0	2	2
419	2	1	8	0	8	0	4	0	6	2
420	1	2	10	0	6	2	35	1	8	0
421	3	1	17	2	6	4	16	1	4	0
422	1	3	9	0	3	1	8	1	7	2
423	0	2	3	0	4	0	8	0	4	0
424	0	0	7	0	9	0	12	0	3	0
425	0	0	7	1	7	0	8	0	6	0
426	1	3	3	0	1	2	11	1	1	0
427	1	4	4	0	3	1	9	0	7	1
428	2	2	4	0	3	2	22	0	4	0
429	3	2	3	0	2	0	17	0	5	0
430	2	3	8	0	5	3	11	2	2	0
431	0	0	0	0	0	0	0	0	0	0
432	1	2	4	1	4	0	7	0	6	1
433	1	9	4	0	4	2	24	2	14	0
434	0	0	11	0	11	0	16	0	3	1
435	0	3	6	0	9	1	16	1	10	2
436	3	3	5	0	4	6	14	0	6	1
437	1	5	7	2	6	2	22	0	2	0
438	3	1	11	0	7	1	22	0	4	0
439	0	1	13	0	9	0	19	0	7	1
440	0	1	7	1	7	0	13	0	7	0
441	2	1	4	0	8	3	14	1	7	2
442	0	5	5	1	5	0	14	0	4	0
443	0	3	3	1	1	1	14	0	17	0
444	3	4	4	0	0	7	13	2	3	0
445	0	0	0	0	1	0	7	0	1	0
446	0	2	12	1	5	0	19	0	10	0
447	0	0	6	0	3	0	20	1	8	0
448	0	1	4	5	2	2	15	2	10	4
449	1	2	13	0	2	1	17	0	8	0
450	0	3	6	0	1	1	9	0	2	0
451	1	2	6	1	4	2	8	0	7	0
452	0	1	10	1	7	0	11	0	8	0
453	1	4	21	0	7	0	13	0	7	1
454	1	4	6	1	3	4	26	2	5	0
455	2	5	9	0	5	3	13	2	1	0
456	0	1	16	0	5	0	13	0	4	1
457	3	3	5	1	4	0	22	0	9	1
458	7	5	12	3	7	7	18	0	10	0
459	0	6	3	1	2	0	15	0	3	0
460	0	2	7	0	7	0	11	1	2	0
461	1	2	7	3	9	2	23	1	9	0
462	0	2	16	0	7	2	9	0	6	0
463	1	0	9	2	8	1	25	0	6	1
464	1	2	19	0	4	2	8	0	6	2
465	1	1	12	0	10	0	11	0	7	2
466	0	1	7	0	3	0	20	0	8	0
467	1	6	10	1	5	1	16	1	2	0
468	3	3	8	0	7	1	22	1	1	1
469	0	6	10	0	6	0	6	0	5	2
470	2	5	8	0	13	3	16	0	1	0
471	2	3	9	0	2	1	21	0	11	4
472	0	2	6	0	2	0	10	0	6	0
473	1	1	2	0	1	1	12	1	1	0
474	1	3	19	2	5	2	22	1	8	0
475	0	2	4	0	2	1	5	0	6	0
476	0	1	10	0	7	1	11	1	3	0
477	1	1	1	0	0	1	10	0	5	0
478	7	1	13	1	6	4	17	0	6	0
479	1	2	16	1	5	2	11	1	5	0
480	0	8	9	0	7	0	17	0	10	2
481	3	6	5	0	5	3	17	0	4	1
482	0	1	2	0	3	0	8	0	5	1
483	0	4	15	0	5	0	14	0	5	1
484	0	0	0	0	0	0	1	0	0	0
485	0	4	4	2	1	0	8	0	4	0
486	2	1	1	0	1	1	10	0	4	1
487	2	2	9	0	3	3	14	1	3	1
488	1	0	6	0	4	0	8	1	2	2
489	4	5	8	0	4	3	9	1	3	1
490	1	4	3	0	4	1	20	0	10	1
491	0	2	10	0	3	0	8	0	4	0
492	0	5	10	0	6	0	6	0	4	0
493	2	0	9	0	3	2	19	1	6	0
494	4	1	11	1	3	1	19	0	8	0
495	0	0	3	0	1	0	3	0	6	1
496	0	0	1	0	0	0	0	0	2	0
497	1	6	1	0	0	1	13	3	1	0
498	0	6	7	0	4	0	16	0	15	1
499	2	4	7	0	7	2	15	0	6	2
500	1	1	2	0	1	0	2	0	1	1
501	0	0	6	2	3	2	15	1	4	0
502	3	3	4	0	3	2	9	1	0	0
503	5	1	5	0	2	2	2	0	4	4
504	2	2	5	0	4	3	8	1	3	0
505	1	1	9	0	6	1	8	0	8	2
506	4	3	6	0	1	5	14	2	1	0
507	0	1	4	1	0	0	10	0	3	0
508	1	0	9	0	8	0	9	0	1	1
509	0	4	7	0	0	0	9	0	6	1
510	0	0	0	0	0	0	12	1	1	0
511	2	7	18	1	13	2	30	0	16	2
512	0	0	0	0	0	0	3	0	0	0
513	0	3	7	1	1	0	7	0	1	0
514	1	2	11	2	1	1	25	0	7	0
515	2	6	11	0	4	2	19	1	8	1
516	0	2	7	4	7	1	16	1	5	0
517	0	1	4	0	4	0	18	0	9	2
518	3	3	8	0	10	1	19	1	12	2
519	0	2	9	0	1	0	15	0	4	0
520	0	1	9	0	3	0	13	0	5	2
521	6	10	3	0	1	5	11	1	4	1
522	2	3	8	1	2	2	6	0	2	0
523	0	3	10	1	6	0	23	1	11	0
524	4	5	13	5	5	2	15	0	10	4
525	5	7	15	0	9	3	10	4	7	2
526	1	8	13	2	5	0	15	0	10	1
527	3	6	8	0	5	3	12	0	8	1
528	3	4	5	0	0	2	9	1	2	1
529	0	0	1	1	0	0	0	0	0	0
530	0	0	7	0	4	0	12	0	8	0
531	0	4	6	0	2	0	10	0	2	0
532	1	2	7	0	1	1	7	0	0	0
533	0	2	3	0	1	1	8	1	4	0
534	0	0	1	0	0	0	2	0	0	0
535	0	0	4	3	1	1	4	1	7	0
536	1	0	6	0	4	0	13	0	3	0
537	0	2	1	0	0	0	2	0	0	0
538	0	0	3	0	0	0	9	0	1	0
539	0	0	1	0	0	0	0	0	0	0
540	1	2	3	0	0	1	8	0	0	0
541	0	0	0	0	0	0	0	0	0	0
542	0	0	3	0	3	0	16	0	0	0
543	0	2	3	0	8	0	15	0	4	0
544	0	2	7	0	3	0	12	0	1	0
545	0	1	7	0	3	0	6	0	2	0
546	2	2	7	2	4	5	18	1	10	1
547	4	3	10	0	8	5	20	0	4	0
548	0	0	4	0	1	0	3	0	4	0
549	2	6	8	0	1	3	7	1	5	0
550	3	5	6	1	4	2	14	1	5	0
551	0	0	6	0	2	0	7	0	0	0
552	0	3	6	5	0	1	14	0	4	0
553	2	4	12	2	2	3	10	1	9	5
554	3	3	9	3	3	3	10	1	3	0
555	2	4	9	2	5	2	16	0	7	0
556	0	0	4	1	5	0	6	0	1	1
557	2	4	1	0	1	1	19	0	5	0
558	2	5	10	0	7	1	7	0	5	0
559	0	2	4	0	5	0	12	0	3	0
560	2	5	6	1	3	1	20	0	5	0
561	0	0	11	1	3	0	21	0	3	2
562	2	3	3	1	3	2	2	0	1	0
563	1	1	16	0	3	1	9	0	1	0
564	2	2	1	0	5	3	8	1	2	0
565	0	1	7	1	2	0	3	0	1	0
566	1	2	11	1	5	1	16	0	7	0
567	0	0	0	0	0	0	0	0	0	0
568	0	5	3	0	2	0	4	0	5	0
569	0	2	14	1	3	0	12	1	5	1
570	0	1	10	0	5	1	12	1	9	1
571	1	2	8	0	4	4	17	2	7	1
572	0	2	13	0	3	0	20	0	3	2
573	0	0	7	1	7	0	12	0	3	0
574	1	3	11	0	7	1	23	2	7	0
575	0	2	9	1	5	0	22	1	7	0
576	3	2	9	2	3	3	25	1	0	0
577	3	1	13	0	5	4	10	0	3	0
578	1	4	10	2	6	3	8	1	7	0
579	5	4	3	0	0	2	16	0	7	1
580	0	6	2	0	2	0	9	0	1	0
581	0	5	3	0	0	0	5	0	5	0
582	1	3	4	0	1	1	11	0	1	0
583	0	1	6	0	2	1	15	1	4	4
584	0	2	9	0	3	0	10	0	9	1
585	3	2	3	0	6	4	19	2	10	2
586	0	2	4	1	5	0	10	0	2	3
587	2	2	13	0	6	2	15	0	1	0
588	1	1	6	0	1	1	8	0	3	0
589	2	2	2	0	0	0	18	0	4	0
590	2	3	2	0	2	2	19	0	4	0
591	2	3	11	0	4	1	17	0	6	1
592	2	2	11	0	6	0	14	1	7	3
593	0	4	3	0	2	0	7	0	2	0
594	1	1	8	0	4	0	9	0	3	0
595	4	8	7	0	2	2	12	1	7	1
596	0	0	0	0	0	0	0	0	0	0
597	1	0	5	0	0	1	5	0	0	0
598	2	2	13	0	4	4	24	0	6	0
599	0	0	2	0	0	1	6	0	1	0
600	1	3	10	0	5	2	31	1	7	2
601	0	3	21	1	6	1	31	0	3	0
602	4	4	9	0	3	3	21	1	3	2
603	2	7	7	1	4	2	12	0	2	0
604	0	2	6	0	2	0	9	0	2	0
605	1	7	2	1	7	2	7	0	5	0
606	0	0	1	0	0	0	4	1	4	0
607	0	5	3	0	3	1	12	1	6	1
608	0	0	2	0	0	1	3	1	1	0
609	0	5	8	0	2	0	5	0	2	0
610	9	11	5	1	11	4	24	0	7	0
611	3	1	7	0	4	3	13	0	0	0
612	2	2	8	2	2	3	17	1	5	0
613	2	7	10	1	6	3	16	1	1	0
614	4	5	10	0	3	3	23	0	3	1
615	0	2	8	1	4	0	20	1	4	1
616	0	4	6	0	1	0	15	1	3	0
617	0	0	1	0	0	0	2	0	1	0
618	1	3	5	1	2	0	2	0	4	1
619	2	2	4	0	3	0	7	0	10	0
620	3	2	13	0	6	4	16	2	2	1
621	1	1	9	1	3	0	14	0	5	1
622	0	0	2	1	1	0	2	0	0	0
623	0	1	8	1	3	0	15	1	5	1
624	0	0	3	0	1	0	2	0	5	1
625	0	1	1	0	1	0	5	0	1	0
626	3	0	8	2	5	2	13	0	5	0
627	2	3	13	0	4	2	12	1	4	0
628	1	1	6	0	5	0	20	1	5	1
629	0	0	5	0	1	0	8	0	6	0
630	0	5	11	3	8	5	16	2	6	1
631	2	7	17	1	2	3	23	1	8	0
632	0	4	15	0	7	0	9	0	3	0
633	0	1	10	0	6	0	18	0	11	0
634	2	1	6	0	2	3	5	0	3	0
635	1	4	2	0	1	2	11	0	2	1
636	4	2	4	1	0	2	11	0	2	0
637	0	2	9	3	6	0	23	0	10	0
638	5	3	11	3	7	5	21	0	8	0
639	0	0	11	0	5	1	24	1	6	1
640	4	4	12	2	3	3	29	1	5	1
641	1	6	5	1	2	0	17	0	1	1
642	3	3	10	2	6	1	12	0	5	0
643	2	2	1	0	0	0	7	0	2	1
644	3	6	5	2	1	3	14	0	8	1
645	3	11	13	1	6	0	12	0	8	1
646	1	3	7	0	4	1	9	0	6	0
647	0	0	0	0	0	0	0	0	1	0
648	0	0	0	0	0	0	0	0	0	0
649	0	0	0	0	0	0	0	0	0	0
650	1	3	11	1	3	2	9	1	3	2
651	0	0	1	0	1	0	2	0	1	0
652	0	0	0	0	0	0	0	0	0	0
653	1	2	8	0	4	0	10	1	2	2
654	3	1	4	0	6	0	5	1	3	1
655	0	1	5	0	3	0	10	0	6	0
656	1	3	3	0	3	2	10	1	4	1
657	1	1	5	1	2	2	5	0	3	0
658	3	3	8	1	3	2	15	0	10	0
659	3	7	11	2	5	3	32	0	8	1
660	1	6	18	5	8	1	22	0	6	0
661	1	2	8	0	3	1	10	0	1	0
662	6	7	15	0	4	7	8	1	6	0
663	3	3	7	1	3	1	10	0	4	0
664	2	1	10	1	6	0	9	0	11	1
665	0	3	5	0	4	2	9	3	0	0
666	0	1	3	1	3	2	7	1	1	0
667	3	0	5	0	1	2	10	1	0	0
668	2	3	6	0	1	1	11	0	9	1
669	2	1	8	2	3	4	9	2	5	0
670	0	2	7	1	6	0	8	0	2	0
671	1	3	4	1	4	1	18	0	5	3
672	4	3	8	0	5	3	11	0	4	0
673	3	3	14	1	7	2	11	2	6	1
674	3	1	7	2	3	2	16	0	2	0
675	1	1	14	2	4	0	14	0	8	0
676	0	3	7	3	4	0	19	1	6	1
677	2	1	11	1	2	6	28	4	6	0
678	2	4	9	2	6	2	13	0	6	1
679	0	0	0	0	0	0	5	0	0	0
680	2	4	1	1	1	2	5	0	8	0
681	1	0	8	0	3	5	12	9	17	0
682	0	3	5	0	3	1	15	3	6	1
683	0	4	3	1	2	0	11	0	4	0
684	1	3	8	0	5	1	8	1	4	1
685	0	2	2	0	4	0	10	0	7	1
686	0	2	4	0	6	0	4	0	1	0
687	2	5	3	0	3	1	5	0	3	1
688	1	8	7	1	4	2	11	0	6	0
689	0	0	1	0	0	0	1	0	1	1
690	0	5	2	0	1	0	12	0	3	0
691	3	4	2	0	0	1	11	0	7	1
692	4	0	6	0	1	0	7	0	0	0
693	5	4	9	0	3	4	14	1	9	1
694	2	5	16	0	9	7	15	5	4	0
695	3	3	24	2	4	2	17	0	7	1
696	0	1	16	2	8	2	19	2	3	0
697	1	1	11	1	6	2	11	0	5	0
698	1	0	0	0	0	0	1	0	0	0
699	0	1	4	1	3	3	11	3	2	0
700	2	2	14	5	2	1	16	1	5	2
701	2	2	11	2	5	1	11	0	7	1
702	4	3	4	0	4	3	13	0	8	0
703	0	2	1	0	1	0	12	0	3	0
704	1	4	11	0	3	3	11	1	6	1
705	0	0	2	0	0	0	2	0	2	0
706	2	1	4	0	5	0	16	0	10	0
707	0	1	3	0	3	1	9	1	2	0
708	2	1	4	0	2	2	10	1	3	1
709	2	1	4	0	3	1	10	1	7	2
710	0	1	9	2	2	0	32	0	7	0
711	1	3	15	0	13	4	24	1	3	0
712	1	1	9	1	8	0	20	0	10	1
713	0	2	9	1	2	0	11	0	3	0
714	0	1	13	1	5	1	10	0	7	0
715	0	0	4	0	2	0	4	0	4	1
716	1	7	9	0	8	1	19	0	0	0
717	2	1	6	1	2	2	16	1	5	0
718	2	1	2	1	8	0	18	0	9	3
719	0	2	6	0	3	0	12	0	4	0
720	2	4	3	1	5	2	12	0	5	0
721	1	2	6	0	1	1	9	0	3	0
722	1	2	3	0	0	1	8	0	2	0
723	0	1	3	0	1	0	6	0	5	0
724	0	0	2	0	1	0	6	4	6	2
725	1	3	4	0	7	1	22	0	3	0
726	1	4	5	1	2	0	9	0	4	0
727	0	3	9	1	1	1	31	1	3	0
728	0	3	7	1	4	0	11	0	2	0
729	2	5	9	0	11	2	24	0	9	1
730	3	6	5	1	4	3	12	0	3	0
731	4	5	11	4	5	0	16	0	5	4
732	1	2	3	1	0	1	2	0	1	0
733	3	4	10	1	8	3	18	0	8	0
734	0	0	0	0	0	0	0	0	0	0
735	4	0	9	0	6	1	16	0	5	2
736	0	0	15	0	7	1	13	0	12	4
737	4	4	15	0	6	4	23	1	7	2
738	0	1	5	0	1	0	15	0	4	1
739	1	3	5	0	2	1	10	0	7	1
740	1	6	13	1	17	1	16	0	6	0
741	6	3	6	1	5	3	14	0	12	4
742	4	3	6	0	4	3	8	0	6	2
743	0	2	6	1	5	0	17	0	4	0
744	0	2	8	2	4	1	16	2	6	0
745	0	0	1	0	0	0	2	0	0	0
746	0	2	5	0	4	0	8	1	1	0
747	0	2	8	1	2	0	9	0	7	0
748	0	2	2	0	1	0	8	0	2	0
749	0	3	2	0	0	0	5	0	1	0
750	0	0	12	0	1	0	5	0	0	0
751	0	2	6	0	4	0	9	0	1	1
752	2	3	15	6	4	1	18	0	6	3
753	0	1	3	0	2	0	7	0	3	1
754	1	0	3	1	1	0	4	0	1	1
755	0	0	3	0	0	1	12	0	2	0
756	0	3	3	0	5	0	15	0	7	0
757	0	0	2	0	0	0	1	0	0	0
758	1	1	1	0	0	1	6	0	2	0
759	0	0	5	2	3	0	9	0	4	0
760	0	0	0	0	0	0	1	0	0	0
761	0	0	0	0	0	0	1	0	0	0
762	1	1	17	0	2	0	17	0	2	0
763	0	0	0	0	0	0	0	0	0	1
764	1	3	2	1	2	3	6	0	4	0
765	5	0	4	0	1	0	20	0	4	0
766	0	2	7	0	4	2	22	2	6	0
767	0	1	4	2	5	0	16	0	6	1
768	3	1	11	0	3	2	16	0	4	0
769	1	3	5	0	5	1	19	1	1	2
770	1	7	7	0	4	1	11	0	4	0
771	0	1	3	0	3	0	6	0	4	0
772	0	0	7	1	1	3	10	1	2	1
773	0	19	7	0	1	1	3	0	25	0
774	1	2	5	0	0	0	9	0	7	0
775	1	3	1	0	1	1	4	0	0	0
776	0	0	2	0	0	0	4	0	2	0
777	0	0	0	0	0	0	3	0	0	0
778	1	1	3	1	2	1	3	1	2	0
779	1	4	5	0	2	1	18	0	6	0
780	1	4	2	1	1	1	13	0	3	0
781	3	3	10	0	5	2	13	0	5	0
782	1	0	5	8	2	1	11	0	0	0
783	0	1	6	4	7	0	8	0	5	0
784	1	0	2	0	0	0	5	1	6	1
785	0	0	0	1	0	0	2	0	1	0
786	0	2	5	0	0	0	3	0	1	0
787	1	0	1	0	0	0	0	0	2	0
788	2	3	7	1	2	3	12	1	2	0
789	0	0	0	0	0	0	0	0	0	0
790	0	0	12	0	2	0	12	0	2	0
791	1	2	9	3	4	0	12	1	9	0
792	3	3	11	0	5	3	21	0	6	1
793	2	3	9	2	6	3	6	3	2	1
794	1	6	17	5	5	1	18	0	4	0
795	0	3	7	1	0	0	7	0	9	0
796	4	9	9	2	6	4	16	1	9	1
797	2	3	0	0	3	2	18	0	4	2
798	0	3	4	0	1	0	10	0	2	0
799	0	1	5	0	0	0	2	0	5	0
800	0	6	3	0	0	0	9	0	7	0
801	1	1	3	2	1	1	6	1	3	1
802	2	3	8	1	4	2	6	0	7	1
803	0	1	0	0	0	1	7	0	5	0
804	1	2	9	0	5	1	10	0	4	0
805	2	3	11	2	7	2	15	0	6	0
806	0	2	4	2	2	0	17	0	6	1
807	0	1	7	0	6	0	18	0	7	0
808	3	2	3	0	1	1	17	0	5	2
809	0	0	3	2	2	0	10	0	6	0
810	0	0	7	0	5	0	5	0	5	1
811	1	1	6	0	4	1	13	0	1	0
812	2	5	5	0	6	3	18	1	2	0
813	1	4	12	0	4	2	16	0	3	0
814	0	0	6	1	1	1	8	0	6	0
815	0	1	2	1	3	0	5	1	2	0
816	6	6	14	0	2	7	12	1	3	0
817	1	1	0	0	0	0	8	0	1	0
818	1	2	6	1	3	0	10	0	6	0
819	0	0	0	0	0	0	1	0	0	0
820	1	0	2	0	0	2	1	1	0	0
821	1	6	20	4	4	1	19	1	14	2
822	1	5	14	1	5	0	6	0	8	1
823	2	3	14	0	3	2	7	1	5	1
824	0	2	2	0	6	0	15	0	5	0
825	1	1	8	2	8	2	11	1	2	0
826	2	2	23	1	6	2	13	0	5	1
827	0	0	4	0	1	0	8	0	2	0
828	0	0	2	0	1	1	12	1	4	0
829	0	2	3	0	3	0	6	0	5	0
830	3	3	13	2	4	0	18	0	4	1
831	0	2	7	0	3	0	18	0	6	0
832	0	5	13	2	1	0	16	0	4	0
833	2	0	6	1	5	0	11	1	3	1
834	1	4	4	0	3	4	11	0	3	0
835	2	2	8	2	4	0	26	0	3	0
836	2	4	15	0	12	1	12	0	4	0
837	0	2	13	0	6	2	15	2	11	0
838	2	5	17	0	6	4	14	3	3	0
839	0	1	10	0	1	0	19	0	5	0
840	1	5	6	0	4	2	7	1	3	0
841	0	2	8	0	0	1	10	1	5	1
842	0	2	6	1	5	1	15	0	6	0
843	1	1	5	0	3	0	11	0	2	1
844	3	2	9	1	1	1	22	0	5	1
845	1	1	7	1	7	0	6	0	4	1
846	0	0	0	0	1	0	3	0	0	0
847	0	0	1	0	0	0	0	0	0	0
848	1	5	10	1	2	1	15	0	1	0
849	0	0	0	0	0	0	0	0	0	0
850	3	4	5	0	3	2	18	0	5	0
851	3	2	10	0	6	4	10	1	6	2
852	2	1	6	2	5	2	10	2	4	1
853	1	0	4	0	2	1	15	0	8	0
854	0	2	2	0	2	1	10	0	1	0
855	3	0	14	5	4	1	12	0	11	1
856	1	2	10	0	1	1	21	0	8	1
857	2	0	7	0	6	0	20	0	5	0
858	0	0	4	0	6	0	13	0	8	0
859	3	5	5	0	6	2	11	3	6	1
860	4	8	6	0	8	6	12	4	4	0
861	2	3	5	0	1	2	3	2	4	3
862	0	1	0	0	0	0	2	0	1	0
863	0	1	6	0	0	0	10	1	6	0
864	6	4	9	1	6	4	19	2	8	2
865	1	7	8	1	1	1	14	0	3	0
866	2	4	10	0	7	2	23	0	7	1
867	0	2	16	0	8	0	21	0	2	0
868	0	2	10	0	8	0	25	0	7	1
869	2	4	10	0	3	2	6	0	1	0
870	2	0	4	0	1	0	17	0	5	0
871	2	1	5	0	0	3	10	0	11	0
872	0	1	2	0	0	0	7	0	1	0
873	0	1	2	0	2	1	7	0	1	0
874	0	0	5	0	0	0	8	1	0	0
875	0	0	0	0	0	0	0	0	0	0
876	0	0	0	0	1	0	4	0	0	0
877	2	2	8	1	5	2	13	0	8	0
878	2	4	20	2	5	4	25	0	5	0
879	1	6	12	0	4	2	18	5	3	0
880	2	6	21	2	4	2	21	0	9	0
881	0	1	6	0	2	0	10	0	1	0
882	3	1	9	0	2	1	9	0	4	0
883	2	3	10	1	3	3	13	3	6	1
884	3	5	5	2	2	1	17	1	7	2
885	0	4	8	1	4	2	15	0	4	0
886	4	0	4	0	3	3	14	0	3	1
887	0	1	4	0	1	0	7	0	2	0
888	4	13	14	2	6	4	25	0	9	1
889	0	1	6	0	2	0	15	3	1	0
890	1	1	2	1	2	0	10	0	5	1
891	5	4	3	0	5	4	18	1	10	3
892	2	4	15	2	4	1	23	1	4	0
893	3	4	15	1	5	3	10	0	1	0
894	1	5	9	1	1	2	15	2	7	2
895	1	3	14	0	7	4	17	2	9	3
896	1	6	5	0	1	0	18	0	3	0
897	1	5	7	0	3	3	9	2	3	0
898	0	2	4	0	5	0	13	0	5	0
899	0	0	1	0	0	1	3	1	0	0
900	1	4	10	0	9	3	17	1	11	2
901	0	0	0	0	0	0	0	0	0	0
902	0	0	0	0	0	0	0	0	0	0
903	0	0	0	0	0	0	1	0	0	0
904	3	3	3	2	0	4	8	1	6	0
905	0	0	0	0	0	0	0	0	0	0
906	0	0	0	0	0	0	0	0	0	0
907	0	0	3	0	2	0	6	1	1	0
908	3	3	8	0	3	1	13	1	4	2
909	0	4	12	1	1	1	14	0	7	1
910	1	2	12	3	2	0	9	0	5	0
911	1	2	8	0	5	2	16	1	8	1
912	1	3	17	2	7	4	21	1	5	1
913	0	2	2	0	1	0	13	1	1	0
914	2	2	8	0	1	3	14	1	4	0
915	4	4	10	1	5	4	17	3	7	2
916	0	1	6	0	4	0	6	0	3	0
917	1	2	9	0	1	0	15	1	2	1
918	0	0	7	1	1	0	1	0	1	0
919	0	4	2	0	7	0	8	0	4	0
920	0	2	4	1	0	0	8	0	6	1
921	0	0	9	0	5	1	7	0	4	1
922	1	2	4	1	4	1	4	0	3	0
923	8	2	16	0	7	2	12	1	12	8
924	4	11	2	0	2	1	7	0	4	3
925	2	1	0	0	0	0	0	0	4	2
926	0	3	1	0	0	0	8	0	6	0
927	1	6	4	1	0	1	5	0	8	1
928	1	1	3	0	1	0	12	0	6	1
929	0	0	0	0	0	0	0	0	0	0
930	1	1	1	0	0	1	1	0	0	0
931	0	0	8	1	3	0	9	0	2	0
932	0	1	9	0	5	0	17	0	9	0
933	3	4	13	0	4	3	16	0	8	0
934	1	0	5	0	5	1	11	0	8	0
935	0	3	5	1	4	0	7	0	7	4
936	0	2	9	2	4	2	11	2	5	0
937	2	3	16	2	7	3	16	1	9	0
938	2	2	6	0	2	2	4	1	3	0
939	1	3	12	1	4	1	17	0	9	0
940	3	2	11	1	3	2	12	1	2	1
941	1	4	9	1	2	0	16	0	6	2
942	4	5	14	4	3	3	26	0	13	0
943	1	1	2	0	5	2	13	1	5	0
944	3	4	6	0	4	0	19	1	10	3
945	0	4	8	1	2	2	16	0	5	0
946	1	1	4	1	6	0	14	2	2	1
947	1	2	5	0	1	1	5	0	2	1
948	0	0	2	0	1	0	8	0	0	0
949	1	2	4	0	2	1	12	0	6	0
950	1	11	2	0	2	0	20	0	12	1
951	1	5	4	0	2	2	5	0	2	0
952	2	14	1	0	0	0	3	0	14	0
953	0	3	2	0	2	0	9	0	8	0
954	1	1	2	0	1	1	2	1	0	1
955	1	1	3	0	3	0	4	1	1	1
956	2	4	12	2	4	2	21	2	8	0
957	0	0	0	0	0	0	0	0	0	0
958	0	0	3	0	1	1	6	2	2	0
959	1	5	14	0	8	1	12	0	6	0
960	5	6	17	0	8	5	16	0	13	1
961	0	2	5	2	2	0	13	0	6	0
962	1	1	3	1	1	1	3	1	0	0
963	0	1	1	1	0	0	3	0	3	0
964	2	3	5	0	0	2	4	0	7	0
965	0	1	0	0	1	0	2	0	2	0
966	0	0	0	0	0	0	1	0	2	0
967	1	0	5	0	1	2	9	0	2	0
968	0	3	8	1	6	0	24	2	9	1
969	3	3	10	1	3	3	22	1	7	1
970	4	4	9	1	5	5	15	1	4	0
971	0	2	4	0	6	1	18	0	5	0
972	0	0	8	0	3	0	2	0	4	0
973	1	2	11	1	1	2	7	0	4	0
974	1	4	14	0	1	1	11	0	5	0
975	2	1	12	1	1	2	11	0	5	1
976	4	2	11	3	2	3	15	0	4	0
977	0	0	11	1	2	0	8	2	6	1
978	0	1	9	1	3	0	7	0	3	0
979	8	0	8	0	2	0	17	0	8	2
980	3	3	4	1	0	3	14	0	2	0
981	0	1	4	0	1	0	2	0	1	0
982	1	0	1	0	0	1	2	0	0	0
983	3	3	7	2	2	4	24	0	8	1
984	1	1	5	1	1	1	8	3	3	0
985	0	2	3	0	0	0	13	0	5	0
986	2	2	5	0	1	0	9	0	5	2
987	2	5	11	0	2	1	4	2	5	3
988	4	5	5	0	3	3	12	0	8	1
989	0	2	10	0	5	1	19	1	10	2
990	2	5	10	0	3	3	20	1	8	4
991	1	2	6	0	5	1	8	0	4	0
992	1	2	2	0	1	1	14	0	0	0
993	4	3	4	2	6	5	14	1	3	0
994	1	2	9	1	5	2	16	0	9	1
995	4	6	13	0	9	3	24	0	10	1
996	3	1	5	1	1	1	11	0	9	1
997	0	3	3	2	7	1	12	0	5	0
998	1	0	8	1	7	1	19	2	4	1
999	3	5	11	0	7	2	19	1	10	0
1000	0	1	10	0	3	0	13	0	6	0
1001	2	2	12	1	5	2	16	0	8	2
1002	0	2	2	0	2	0	10	0	7	0
1003	1	2	7	2	3	1	18	1	7	3
1004	0	0	2	1	2	0	17	0	9	0
1005	0	3	4	2	0	0	8	0	5	0
1006	1	1	3	1	2	1	14	0	3	0
1007	0	0	0	0	0	0	1	0	0	0
1008	3	0	6	1	2	0	10	1	6	4
1009	0	0	0	0	0	0	2	0	2	0
1010	2	4	8	0	6	3	10	0	6	1
1011	1	1	3	0	1	1	11	0	3	0
1012	5	1	4	0	1	3	3	0	2	0
1013	0	0	1	0	0	0	8	0	0	0
1014	0	6	7	0	2	1	9	0	5	1
1015	5	1	5	3	4	1	10	1	9	2
1016	2	2	6	0	13	6	14	3	10	1
1017	3	1	10	1	4	3	14	1	1	0
1018	1	2	12	0	13	1	18	0	6	0
1019	3	4	7	0	7	3	17	1	12	1
1020	0	0	3	0	0	0	2	0	3	0
1021	0	1	13	0	5	0	8	0	2	0
1022	2	2	12	0	2	0	14	0	5	0
1023	2	3	2	2	1	3	12	0	1	0
1024	1	0	2	0	4	0	7	0	2	0
1025	0	6	15	1	6	2	27	0	10	3
1026	0	7	3	4	4	0	10	0	2	0
1027	3	4	14	1	5	7	22	4	5	0
1028	1	1	18	2	6	0	18	0	6	1
1029	1	4	5	0	2	1	10	0	2	0
1030	1	7	13	0	5	1	7	1	2	0
1031	0	2	2	0	4	0	1	0	1	0
1032	1	1	4	0	3	1	3	0	2	0
1033	0	0	0	0	0	0	0	0	0	0
1034	0	1	2	1	2	1	26	0	5	0
1035	0	1	5	0	4	1	9	0	4	0
1036	3	1	3	0	1	0	15	0	10	3
1037	0	0	7	0	1	1	21	0	12	1
1038	1	2	11	1	6	2	16	0	7	0
1039	1	0	5	0	3	0	5	0	5	1
1040	1	0	3	0	3	1	13	1	3	0
1041	1	2	4	1	2	1	10	0	1	1
1042	2	1	4	0	3	1	8	1	4	1
1043	2	2	3	0	0	0	2	0	6	2
1044	1	1	5	0	1	1	4	1	1	1
1045	0	0	6	0	6	0	2	0	4	0
1046	1	0	1	0	0	1	4	0	4	0
1047	0	1	0	0	0	0	0	0	0	0
1048	0	0	2	0	1	0	1	0	2	0
1049	1	0	2	0	0	1	1	0	4	1
1050	0	0	1	0	3	0	1	0	1	0
1051	2	1	4	0	4	0	9	0	6	1
1052	0	1	0	0	2	0	7	0	1	0
1053	0	0	0	0	0	0	1	0	0	0
1054	0	0	0	0	1	1	2	0	3	0
1055	1	0	7	0	7	1	9	0	7	0
1056	1	2	6	2	4	3	2	0	3	0
1057	0	0	0	0	0	1	2	0	1	0
1058	0	0	1	0	0	0	1	0	1	0
1059	1	1	2	2	1	1	8	0	8	0
1060	3	3	5	0	3	1	8	0	2	0
1061	0	3	7	1	6	0	17	0	7	0
1062	0	0	3	0	3	0	6	0	1	0
1063	0	1	12	1	4	0	10	0	3	0
1064	0	2	19	0	6	0	23	0	4	2
1065	1	0	14	1	2	2	14	0	1	0
1066	0	1	10	4	5	0	22	0	8	0
1067	2	0	12	3	3	1	22	0	10	0
1068	1	0	6	2	3	2	18	1	6	0
1069	1	2	9	0	4	0	15	0	3	0
1070	0	0	0	0	2	0	2	0	1	0
1071	0	1	3	0	3	0	3	0	1	0
1072	0	5	6	0	3	0	10	0	3	0
1073	0	0	0	0	0	0	3	0	3	0
1074	0	0	1	0	0	0	3	0	0	0
1075	0	6	0	0	1	0	2	0	7	0
1076	0	1	0	0	2	1	1	0	1	0
1077	0	0	3	0	2	0	3	0	1	0
1078	0	7	1	0	0	3	7	0	6	2
1079	1	3	9	1	3	2	6	3	6	1
1080	1	7	3	0	1	0	12	0	2	2
1081	0	1	0	0	0	0	2	0	1	0
1082	2	2	3	0	2	0	8	0	4	2
1083	2	1	2	0	2	2	7	2	4	2
1084	0	1	3	0	0	0	9	0	3	0
1085	0	0	0	0	0	0	1	0	0	0
1086	0	2	2	0	0	0	7	0	2	0
1087	1	2	11	0	0	0	12	0	5	0
1088	0	0	0	0	0	0	0	0	0	0
1089	0	0	0	0	0	0	0	0	3	0
1090	3	1	4	0	2	1	8	0	2	0
1091	0	3	5	0	3	0	7	0	1	0
1092	0	2	7	0	2	0	9	0	2	0
1093	2	0	4	2	2	0	17	0	6	2
1094	0	0	3	0	1	0	5	0	2	0
1095	0	0	1	0	0	0	1	0	0	0
1096	4	4	11	1	2	5	16	0	5	0
1097	3	4	7	1	5	0	13	0	3	0
1098	0	3	8	0	6	0	9	0	3	0
1099	3	4	10	0	7	3	24	1	2	0
1100	0	4	7	0	2	0	20	0	1	0
1101	1	2	8	1	5	2	15	1	9	0
1102	2	3	4	0	1	1	14	3	1	1
1103	0	0	3	1	2	0	13	0	4	0
1104	4	7	17	2	7	5	19	1	2	2
1105	1	1	7	1	5	1	20	0	13	3
1106	7	3	13	0	7	4	22	0	7	2
1107	5	1	10	0	5	5	7	0	6	0
1108	0	0	0	0	0	0	1	0	0	0
1109	1	0	10	0	6	0	23	0	7	1
1110	1	5	4	0	0	3	16	2	2	0
1111	1	2	4	1	2	1	2	1	1	0
1112	1	2	4	0	2	1	4	0	11	0
1113	0	0	0	0	0	0	0	0	0	0
1114	0	1	1	0	0	0	0	0	1	2
1115	0	0	2	0	2	0	4	0	1	0
1116	1	0	0	0	0	0	5	1	2	1
1117	0	3	4	1	4	0	12	0	4	0
1118	0	1	5	0	9	2	16	2	4	0
1119	2	3	8	1	4	2	6	0	5	0
1120	1	3	2	0	7	1	4	0	3	0
1121	3	1	9	3	3	2	10	0	3	1
1122	2	4	10	1	4	0	26	0	5	0
1123	2	5	7	1	2	1	11	0	4	1
1124	4	5	9	2	3	4	17	0	8	1
1125	1	1	6	0	0	1	13	0	5	0
1126	4	2	14	1	4	4	24	2	7	0
1127	4	4	12	1	2	2	26	0	6	1
1128	2	2	6	0	3	2	15	0	3	0
1129	1	4	36	1	10	2	34	1	7	3
1130	1	3	12	0	1	1	20	0	4	0
1131	3	2	13	0	3	1	22	2	5	0
1132	2	2	13	0	9	3	17	0	9	0
1133	0	0	9	2	5	1	22	0	5	0
1134	4	1	11	0	13	2	18	0	10	0
1135	0	0	3	0	1	0	1	0	2	0
1136	0	1	1	0	3	1	9	0	3	0
1137	0	0	0	0	0	0	0	0	0	0
1138	1	0	0	0	0	0	4	0	1	0
1139	0	0	0	0	0	0	1	0	0	0
1140	0	0	0	0	0	0	0	0	0	0
1141	0	0	0	0	0	0	0	0	1	0
1142	0	1	2	0	5	0	5	0	1	0
1143	0	5	7	0	7	0	0	0	0	0
1144	0	2	9	0	4	0	12	0	3	0
1145	0	1	8	1	3	1	21	1	6	0
1146	0	2	14	4	3	0	29	1	8	0
1147	2	2	6	1	0	2	0	0	3	0
1148	0	1	12	1	3	0	17	0	9	0
1149	2	2	12	6	2	1	10	0	4	0
1150	2	2	14	1	3	2	15	1	6	1
1151	0	3	5	1	4	0	7	1	7	0
1152	2	3	7	0	7	2	19	0	3	0
1153	3	2	11	1	6	2	18	1	4	0
1154	0	2	15	0	10	2	25	2	8	1
1155	0	0	2	0	3	1	14	0	8	0
1156	0	0	0	0	0	0	1	0	0	0
1157	0	1	2	1	3	0	1	0	4	0
1158	0	3	9	0	4	1	14	0	1	0
1159	0	0	1	0	2	1	5	1	0	1
1160	0	1	4	3	1	1	5	3	0	0
1161	2	4	14	0	3	12	9	13	10	5
1162	0	3	5	2	2	3	19	3	7	1
1163	2	2	7	0	2	1	9	0	5	1
1164	1	1	12	0	6	2	14	1	11	3
1165	2	3	10	1	1	3	17	0	9	0
1166	2	2	3	0	1	4	13	1	7	0
1167	3	1	6	0	0	3	8	0	5	2
1168	4	1	6	0	4	1	14	2	8	4
1169	1	0	3	0	1	1	3	0	4	0
1170	0	1	2	0	0	0	1	0	0	0
1171	5	2	2	0	1	1	8	0	6	4
1172	2	2	9	1	3	1	17	0	5	1
1173	0	0	18	0	2	0	11	0	10	1
1174	2	7	6	0	2	4	6	5	8	0
1175	3	1	5	1	4	0	5	1	4	4
1176	0	1	12	0	4	0	10	0	2	0
1177	2	2	9	2	2	1	7	1	3	0
1178	0	2	8	0	6	0	13	0	6	0
1179	5	4	5	5	6	5	3	0	7	0
1180	1	0	7	0	2	1	8	0	5	0
1181	0	4	2	2	2	0	8	0	7	1
1182	1	1	2	0	2	0	2	1	3	2
1183	1	5	12	1	6	1	12	0	5	0
1184	2	3	11	3	9	2	17	0	5	2
1185	0	6	8	0	1	1	13	1	3	0
1186	2	0	9	1	4	0	10	0	10	3
1187	0	0	1	1	1	0	6	0	3	0
1188	3	5	4	1	1	4	8	0	10	0
1189	2	2	4	0	6	3	4	0	4	0
1190	1	1	10	0	2	1	15	1	6	1
1191	3	5	11	0	2	5	25	3	5	0
1192	0	2	4	0	3	0	10	0	5	0
1193	0	0	0	0	0	0	0	0	0	0
1194	2	2	9	1	4	1	15	0	7	0
1195	0	0	0	0	0	0	0	0	0	0
1196	2	5	3	1	1	2	6	0	3	0
1197	0	0	0	0	0	0	0	0	0	0
1198	0	1	8	1	3	0	7	0	4	0
1199	2	0	6	0	11	0	25	0	4	0
1200	2	1	13	0	6	1	13	0	1	0
1201	1	3	4	1	7	0	10	1	5	0
1202	1	1	3	0	1	1	13	0	2	0
1203	0	0	4	1	1	0	4	0	6	1
1204	1	2	11	0	1	1	10	0	2	0
1205	2	0	4	0	2	3	6	1	3	0
1206	1	2	5	0	0	1	11	0	5	1
1207	0	0	1	0	1	0	2	0	2	0
1208	0	1	4	1	2	0	6	0	2	0
1209	0	0	5	2	4	0	9	0	2	0
1210	0	4	8	1	4	1	23	1	0	0
1211	2	1	9	0	7	0	16	0	7	1
1212	0	1	6	0	1	0	15	0	5	1
1213	1	3	6	0	4	2	16	0	7	3
1214	0	4	7	0	6	0	17	1	3	0
1215	0	0	0	0	0	0	5	0	2	0
1216	1	1	0	0	1	1	4	0	0	0
1217	1	4	7	0	1	1	21	1	4	0
1218	0	1	3	1	1	1	6	0	1	0
1219	0	0	6	1	2	1	16	0	9	0
1220	1	0	1	0	2	0	7	0	0	0
1221	0	0	2	0	1	0	12	0	1	0
1222	0	1	0	0	0	0	3	0	0	0
1223	0	3	14	1	7	3	14	2	7	0
1224	0	0	0	0	0	0	0	0	0	0
1225	0	1	0	0	0	0	2	0	1	0
1226	0	1	5	0	3	1	8	1	6	0
1227	4	3	7	3	7	1	9	0	3	0
1228	2	1	14	0	7	0	10	0	6	1
1229	0	0	1	0	1	0	4	0	1	0
1230	0	2	2	0	1	0	5	0	2	0
1231	2	2	1	0	4	1	19	1	7	1
1232	8	7	6	0	5	8	14	1	12	5
1233	1	3	5	0	5	2	10	2	5	0
1234	0	3	18	4	4	3	13	2	9	0
1235	5	6	17	2	1	3	22	0	7	1
1236	3	2	9	3	4	6	15	2	3	1
1237	2	1	8	2	3	3	15	1	3	0
1238	2	1	6	1	1	1	7	0	4	1
1239	0	2	3	1	1	0	7	0	4	0
1240	3	3	16	1	2	3	20	0	7	1
1241	2	3	6	4	2	2	16	0	1	0
1242	3	3	10	1	2	3	13	1	4	0
1243	0	1	5	2	7	1	10	1	9	1
1244	0	2	2	1	2	0	25	0	6	0
1245	0	1	0	0	3	0	2	0	0	0
1246	1	3	2	0	3	2	2	1	8	0
1247	3	2	4	0	3	3	5	0	2	0
1248	1	1	2	0	2	1	2	1	0	0
1249	0	0	0	0	0	0	0	0	0	0
1250	0	0	18	4	6	1	13	1	1	1
1251	0	0	0	0	0	0	0	0	0	0
1252	0	1	4	0	3	0	7	0	4	1
1253	0	0	2	1	1	0	8	0	0	0
1254	0	0	4	2	0	0	5	0	0	0
1255	0	1	8	0	2	0	8	1	0	0
1256	1	1	4	0	1	2	6	1	1	0
1257	2	2	5	3	6	2	14	0	4	0
1258	0	3	2	0	2	1	6	0	4	0
1259	3	3	10	0	7	4	15	0	10	0
1260	0	2	7	1	5	1	20	0	3	0
1261	3	1	0	0	1	2	4	0	6	2
1262	1	0	4	0	1	0	15	0	1	0
1263	1	0	3	0	3	1	3	1	4	0
1264	2	1	10	2	4	2	16	0	4	1
1265	0	0	8	0	2	0	10	0	7	0
1266	5	5	16	1	10	2	15	2	10	2
1267	1	1	10	0	9	1	9	2	5	0
1268	2	2	9	0	2	2	14	0	8	0
1269	1	1	9	3	4	1	17	0	8	1
1270	0	4	12	0	13	1	14	1	7	0
1271	0	0	3	0	2	1	4	1	3	1
1272	2	2	13	3	5	3	21	1	7	1
1273	2	5	7	0	2	0	16	0	3	1
1274	1	0	1	0	0	0	4	0	1	1
1275	0	0	2	0	1	0	4	0	1	0
1276	3	3	12	0	5	2	18	0	5	0
1277	1	1	6	0	1	0	10	2	5	1
1278	1	1	3	1	3	4	14	3	4	0
1279	0	1	0	0	0	2	5	0	0	0
1280	0	0	2	1	1	0	3	0	1	0
1281	1	3	7	2	5	2	23	0	16	0
1282	0	2	7	1	3	2	11	1	8	0
1283	0	0	1	0	0	0	1	0	3	0
1284	1	1	10	1	7	2	10	1	7	4
1285	0	3	12	1	11	2	11	0	5	1
1286	1	3	9	0	7	1	13	0	2	0
1287	1	2	14	0	0	1	13	0	0	0
1288	1	1	5	1	2	1	8	1	3	0
1289	0	2	4	0	6	1	21	1	7	0
1290	2	3	13	0	3	1	30	0	7	0
1291	1	2	10	2	4	0	26	0	13	1
1292	0	2	6	0	4	1	21	1	8	0
1293	0	4	5	0	2	0	6	0	4	0
1294	1	3	6	1	4	0	13	0	6	1
1295	1	1	2	0	0	1	3	0	1	0
1296	6	3	6	0	1	3	9	0	3	3
1297	2	5	9	0	5	3	10	1	9	2
1298	1	5	14	0	7	2	10	1	4	1
1299	3	3	5	1	2	0	9	0	7	3
1300	1	2	7	0	5	0	15	0	5	2
1301	0	0	0	0	0	1	0	0	0	0
1302	0	0	1	0	1	0	1	0	3	0
1303	1	2	4	0	2	0	1	0	6	3
1304	0	0	0	0	0	0	2	0	1	1
1305	0	0	0	0	0	0	0	0	1	1
1306	2	1	0	0	0	0	0	0	4	4
1307	0	0	0	0	0	0	0	0	0	0
1308	0	0	0	0	0	0	0	0	0	0
1309	0	0	1	0	1	0	2	0	0	0
1310	0	0	0	0	0	0	0	0	0	0
1311	2	8	5	0	2	3	12	2	3	0
1312	0	0	0	0	0	0	3	0	0	0
1313	1	4	4	0	3	2	5	0	3	0
1314	3	2	11	2	6	3	19	0	4	0
1315	1	1	8	0	1	1	12	0	6	0
1316	3	6	18	1	6	2	9	1	2	2
1317	0	2	11	0	5	0	22	1	9	0
1318	0	1	3	0	2	0	10	1	10	6
1319	2	2	9	0	7	2	20	0	6	0
1320	2	3	4	0	2	2	13	4	6	2
1321	1	0	1	0	2	0	7	0	5	2
1322	0	3	2	0	4	0	6	0	0	0
1323	0	0	7	1	0	0	14	1	6	0
1324	3	1	11	0	4	2	22	1	10	0
1325	1	1	3	0	0	0	3	0	5	0
1326	0	2	17	0	1	0	8	0	1	0
1327	0	0	1	0	0	0	1	0	0	0
1328	2	0	10	0	7	0	12	0	5	0
1329	0	7	15	0	6	1	26	0	7	0
1330	0	0	0	0	0	0	1	0	0	0
1331	0	0	0	0	0	0	0	0	0	0
1332	0	0	0	0	0	1	2	0	0	0
1333	0	0	0	0	0	0	0	0	0	0
1334	0	0	0	0	0	0	0	0	0	0
1335	0	0	0	0	0	0	0	0	0	0
1336	0	0	2	0	1	0	4	1	0	0
1337	1	1	5	0	3	1	12	0	3	0
1338	2	1	9	0	5	0	13	0	8	2
1339	0	4	4	0	1	0	16	0	3	1
1340	1	2	1	0	0	0	4	0	1	0
1341	1	0	1	1	2	0	1	0	3	0
1342	0	0	0	0	0	0	1	0	0	0
1343	0	2	5	0	2	0	3	0	1	0
1344	0	2	0	0	1	0	7	0	0	0
1345	1	4	3	1	1	2	2	1	4	0
1346	1	1	2	0	2	0	2	0	0	0
1347	0	1	2	0	4	0	3	0	3	0
1348	0	3	2	1	2	0	9	0	3	0
1349	0	1	8	2	4	1	16	0	5	0
1350	1	0	5	1	1	1	15	0	7	1
1351	0	1	3	0	1	0	3	0	5	0
1352	5	4	11	1	2	3	23	1	3	1
1353	5	3	6	0	2	7	12	4	8	1
1354	1	2	5	2	2	1	6	0	6	1
1355	0	1	0	0	0	0	0	0	0	0
1356	0	0	1	0	0	2	5	3	2	0
1357	0	5	13	2	5	4	15	6	7	0
1358	0	2	2	0	2	0	6	0	2	0
1359	1	4	5	0	4	3	6	2	4	0
1360	5	0	3	0	1	3	42	3	21	7
1361	5	0	2	0	0	0	37	0	16	5
1362	0	2	2	0	0	0	20	1	3	0
1363	0	2	7	0	2	0	2	0	1	1
1364	1	0	2	1	1	1	1	0	1	0
1365	0	0	1	0	1	0	1	0	0	0
1366	0	0	0	0	0	0	0	0	0	0
1367	0	0	2	1	2	0	0	0	0	0
1368	0	0	2	1	2	0	0	0	4	0
1369	1	1	7	0	5	0	9	1	4	2
1370	3	6	4	1	1	2	13	0	10	1
1371	1	4	7	0	4	1	19	0	8	0
1372	0	2	3	0	3	0	6	0	5	0
1373	1	4	12	0	8	0	3	0	2	1
1374	0	0	0	0	1	0	0	0	0	0
1375	0	2	0	0	0	0	7	0	1	0
1376	0	4	4	0	1	0	13	0	0	0
1377	4	4	7	0	4	3	17	4	7	4
1378	1	2	8	0	7	5	8	6	5	0
1379	0	2	8	0	3	0	7	0	1	0
1380	0	3	5	1	5	0	10	0	4	1
1381	0	1	9	0	4	1	17	1	3	0
1382	0	0	4	0	3	0	16	0	5	0
1383	0	0	0	0	0	0	1	0	1	0
1384	0	0	0	0	0	0	0	0	0	0
1385	0	0	0	0	0	0	0	0	0	0
1386	0	0	1	0	0	0	3	0	0	0
1387	0	0	6	0	4	1	6	0	2	0
1388	1	3	7	0	7	1	15	0	5	1
1389	0	0	0	0	0	0	0	0	0	0
1390	0	0	0	0	0	0	0	0	0	0
1391	0	2	4	0	0	0	7	0	3	0
1392	0	5	1	1	3	0	4	0	6	0
1393	1	4	1	0	1	1	6	0	4	0
1394	2	3	1	0	0	1	1	0	1	1
1395	0	3	2	1	2	0	8	0	5	2
1396	0	0	7	0	1	0	9	0	1	1
1397	0	2	11	0	1	0	12	1	2	0
1398	1	6	13	1	3	6	7	7	2	0
1399	1	2	3	1	1	2	6	0	4	0
1400	3	6	8	0	1	4	15	1	5	1
1401	1	0	4	0	3	0	11	0	3	0
1402	0	1	2	0	2	0	8	0	1	0
1403	0	0	1	0	0	0	7	0	1	0
1404	0	2	9	0	19	0	11	1	5	0
1405	4	4	6	0	2	4	6	0	4	0
1406	0	0	5	0	1	0	3	0	1	0
1407	0	1	3	0	2	0	5	0	1	0
1408	0	2	6	1	5	0	16	1	6	0
1409	3	12	12	1	2	5	11	0	8	0
1410	2	5	6	0	1	2	5	1	3	1
1411	1	2	7	0	2	1	9	0	4	1
1412	1	1	7	0	4	1	8	0	7	1
1413	2	3	5	0	2	0	5	0	4	2
1414	0	0	0	0	0	0	0	0	0	0
1415	0	0	0	0	0	0	0	0	0	0
1416	0	0	2	0	0	0	1	0	0	0
1417	1	2	1	2	1	1	2	0	1	0
1418	2	2	7	0	1	1	6	0	6	1
1419	0	6	5	0	1	0	10	0	2	0
1420	0	0	3	1	3	0	4	0	3	0
1421	0	0	6	0	1	0	14	0	4	0
1422	3	3	5	1	2	3	6	0	1	0
1423	0	0	0	0	0	0	3	0	1	0
1424	0	2	6	1	3	0	9	0	0	0
1425	0	0	0	0	0	0	1	0	0	0
1426	2	3	9	2	0	2	20	0	8	0
1427	0	3	7	0	5	0	15	0	12	3
1428	1	3	19	1	4	1	25	0	6	0
1429	2	4	13	0	3	1	18	0	8	0
1430	2	3	7	1	0	1	16	0	7	1
1431	2	1	27	2	6	3	14	1	3	0
1432	1	1	11	0	3	2	14	2	8	0
1433	1	6	9	0	2	1	20	0	3	0
1434	0	4	7	1	1	0	3	0	3	0
1435	0	0	0	0	3	0	5	0	3	0
1436	3	4	2	2	1	2	14	0	5	1
1437	5	1	8	1	6	2	12	1	17	5
1438	0	2	3	1	1	0	3	1	3	0
1439	1	0	1	0	0	1	2	0	1	0
1440	1	1	0	0	0	0	3	0	2	0
1441	0	0	1	0	1	0	0	0	0	0
1442	1	1	1	1	0	1	5	0	2	0
1443	0	2	4	0	3	1	11	0	6	1
1444	2	1	6	5	7	3	14	1	7	0
1445	2	1	6	1	1	1	6	1	3	1
1446	1	1	11	4	6	2	11	1	9	0
1447	2	4	13	0	3	4	18	2	8	1
1448	3	3	9	0	4	2	24	1	8	1
1449	2	5	11	1	1	2	11	0	8	0
1450	2	2	4	0	5	2	13	0	13	0
1451	0	3	11	2	4	2	17	1	6	0
1452	0	0	0	0	1	0	5	0	1	0
1453	0	1	1	0	0	0	1	0	1	0
1454	0	1	0	0	0	0	3	0	0	0
1455	2	1	13	2	3	4	7	4	7	0
1456	2	2	6	3	5	4	17	1	4	2
1457	0	0	2	1	0	1	9	0	3	0
1458	0	0	13	0	3	2	20	4	2	0
1459	0	1	17	1	1	1	16	0	2	1
1460	2	5	21	1	2	1	24	1	6	0
1461	1	7	5	1	6	1	8	0	1	0
1462	0	2	8	0	0	0	11	0	7	0
1463	0	2	3	1	2	0	15	0	0	0
1464	0	1	3	0	3	0	5	0	2	0
1465	3	4	13	2	5	2	12	0	5	0
1466	2	1	2	2	1	2	5	0	1	0
1467	0	0	0	0	0	0	0	0	0	0
1468	0	0	0	0	0	0	0	0	0	0
1469	0	0	1	0	1	0	0	0	0	0
1470	0	0	0	0	0	0	0	0	0	0
1471	0	1	0	0	2	2	12	0	2	0
1472	4	4	9	2	3	1	14	0	8	0
1473	0	0	6	2	0	0	6	0	2	0
1474	0	2	6	0	17	0	7	0	6	0
1475	0	5	4	1	2	0	24	0	9	1
1476	4	6	8	1	2	3	18	1	8	4
1477	0	3	13	0	13	0	17	0	5	0
1478	3	3	1	0	1	2	0	1	1	0
1479	2	4	13	0	4	2	8	0	4	0
1480	3	2	8	0	4	1	11	0	4	2
1481	1	1	6	0	1	0	14	0	10	2
1482	1	6	5	0	0	1	6	0	0	0
1483	0	0	2	1	2	0	6	0	4	0
1484	0	2	5	0	5	0	8	0	2	0
1485	1	3	16	0	4	3	21	2	9	0
1486	3	3	10	0	4	5	19	2	6	0
1487	1	0	5	0	3	1	16	0	9	0
1488	0	0	0	0	0	0	1	0	0	0
1489	0	2	2	0	0	1	3	0	2	0
1490	0	1	10	1	8	1	15	1	10	0
1491	2	4	15	0	6	2	24	0	9	0
1492	1	5	4	3	2	3	8	0	9	2
1493	0	8	1	0	1	0	0	0	6	0
1494	0	9	0	0	1	0	5	0	9	0
1495	2	17	0	0	0	2	2	0	13	0
1496	0	2	0	0	0	0	1	0	7	0
1497	0	6	2	0	0	0	1	0	31	0
1498	0	0	0	0	0	0	0	0	0	0
1499	0	0	1	0	0	0	0	0	0	0
1500	0	1	0	0	0	0	0	0	0	0
1501	1	4	9	2	5	1	14	0	4	2
1502	2	1	8	0	2	0	11	4	5	3
1503	0	2	4	1	1	0	16	0	4	1
1504	5	4	11	0	6	6	18	2	11	0
1505	0	3	2	1	0	0	6	0	2	0
1506	0	3	10	0	7	0	11	1	6	0
1507	3	3	6	1	0	3	14	0	7	0
1508	0	2	5	2	3	1	13	1	7	1
1509	0	4	6	1	0	0	16	0	1	1
1510	0	4	7	1	1	1	9	0	2	0
1511	1	3	1	0	6	0	15	1	4	1
1512	0	4	9	0	3	0	24	2	8	0
1513	0	1	4	0	2	0	16	0	4	1
1514	4	3	7	0	2	7	6	4	4	0
1515	0	5	6	0	2	0	9	0	5	0
1516	1	0	4	0	1	1	11	2	1	0
1517	0	3	9	0	2	5	12	2	3	1
1518	1	3	10	1	5	1	12	0	10	0
1519	1	2	9	1	1	1	12	1	9	0
1520	1	1	7	1	5	2	5	0	6	2
1521	3	2	7	0	3	3	10	0	4	0
1522	0	0	1	0	1	0	2	0	0	0
1523	1	0	2	0	3	0	3	0	1	0
1524	2	8	11	0	4	0	7	2	7	1
1525	2	4	13	0	2	1	20	3	9	1
1526	2	3	17	1	7	4	20	3	6	0
1527	0	5	11	5	2	2	18	3	8	1
1528	2	3	6	0	4	4	22	1	3	0
1529	1	1	5	0	0	2	5	1	1	0
1530	3	0	8	1	2	3	15	0	4	0
1531	3	1	4	0	1	4	11	0	5	2
1532	5	2	12	0	4	1	10	0	5	3
1533	4	4	15	3	8	3	13	0	8	1
1534	4	4	6	1	11	5	10	1	16	0
1535	5	6	11	1	10	4	14	0	8	0
1536	0	1	5	0	1	1	4	1	4	2
1537	2	3	6	1	5	3	12	0	7	0
1538	1	1	8	2	2	2	8	0	15	0
1539	0	1	2	0	0	0	15	0	4	1
1540	3	3	6	0	1	1	8	1	6	3
1541	3	1	6	0	2	1	10	0	13	3
1542	2	4	10	0	3	1	19	0	3	0
1543	1	6	3	0	1	0	8	0	6	1
1544	4	2	3	2	4	2	11	0	6	2
1545	0	1	2	0	0	0	0	0	0	0
1546	2	3	4	0	3	3	7	2	5	1
1547	0	5	5	2	2	0	17	0	8	0
1548	0	1	4	0	0	0	12	0	3	0
1549	6	1	6	0	4	2	12	0	9	5
1550	4	4	7	0	5	3	19	0	3	0
1551	1	0	4	0	2	3	4	2	4	0
1552	6	3	6	0	4	1	13	1	14	7
1553	3	7	10	3	9	1	11	2	14	6
1554	0	2	2	2	2	0	10	0	7	1
1555	0	4	7	3	3	1	16	1	6	2
1556	0	2	2	1	5	0	3	1	2	0
1557	2	2	2	1	2	4	13	2	5	0
1558	3	1	17	1	4	4	21	0	7	0
1559	2	1	7	0	1	4	17	1	7	1
1560	2	5	13	2	11	2	25	2	7	1
1561	4	0	9	2	6	1	20	0	10	0
1562	1	1	12	0	3	3	10	1	6	0
1563	1	0	7	1	4	1	3	0	2	1
1564	0	0	2	1	3	0	2	0	1	0
1565	0	4	4	3	1	0	7	0	1	1
1566	1	0	3	0	0	1	7	0	3	0
1567	2	6	5	0	4	1	13	1	3	4
1568	0	2	4	0	3	1	8	1	2	0
1569	1	1	1	0	1	0	12	0	1	0
1570	0	2	2	0	2	0	7	0	0	0
1571	0	0	0	0	0	0	0	0	0	0
1572	0	0	0	0	0	0	4	0	0	0
1573	0	0	0	1	2	0	1	0	1	0
1574	0	0	0	0	0	0	0	0	0	0
1575	0	4	7	1	0	0	13	0	4	0
1576	2	1	7	1	4	1	9	1	4	0
1577	4	4	6	1	1	4	7	0	4	0
1578	1	4	1	0	0	1	7	0	2	0
1579	1	4	7	1	6	1	17	2	7	0
1580	1	5	5	1	3	1	12	0	1	0
1581	1	1	9	0	6	1	17	1	5	0
1582	1	3	6	2	3	0	40	0	7	0
1583	2	1	11	0	6	2	14	0	7	1
1584	2	2	7	0	4	2	14	0	3	1
1585	0	2	3	0	0	0	4	0	0	0
1586	2	5	13	1	5	3	25	1	5	0
1587	1	0	15	1	6	0	18	0	6	1
1588	0	0	3	0	1	0	5	0	0	0
1589	0	0	0	0	0	0	1	0	1	0
1590	0	0	3	0	1	0	3	0	0	0
1591	0	0	0	0	1	0	0	0	0	0
1592	0	0	2	0	0	0	0	0	3	0
1593	0	0	0	0	1	0	0	0	0	0
1594	1	0	0	1	1	0	0	0	2	1
1595	0	0	0	0	0	0	0	0	0	0
1596	0	0	0	0	1	0	7	0	0	0
1597	1	1	3	0	0	0	1	1	1	1
1598	0	0	0	0	1	0	2	0	1	0
1599	1	2	8	0	3	0	4	0	4	0
1600	0	0	2	0	1	0	2	0	1	0
1601	0	0	4	0	0	0	2	0	0	0
1602	2	4	5	1	8	3	6	3	7	0
1603	0	1	2	1	1	0	3	0	0	0
1604	0	0	6	0	0	0	8	0	2	0
1605	1	1	1	0	0	0	1	0	0	0
1606	0	3	0	0	1	0	4	0	2	1
1607	0	0	0	0	0	0	0	0	0	0
1608	3	10	8	0	1	0	11	1	3	2
1609	0	10	0	0	0	1	11	1	1	0
1610	0	1	3	1	0	0	3	0	3	0
1611	6	5	7	1	3	2	8	0	5	1
1612	0	2	4	1	0	1	9	0	6	0
1613	1	1	6	0	2	1	1	2	2	2
1614	0	0	1	0	2	0	0	0	0	0
1615	0	3	4	2	5	0	13	0	3	0
1616	4	10	7	0	4	3	11	0	1	0
1617	2	2	4	1	3	2	5	0	5	0
1618	5	3	6	0	3	4	13	1	4	1
1619	2	1	12	0	3	0	10	0	7	2
1620	1	1	3	1	2	1	9	0	4	0
1621	2	2	9	0	5	2	23	1	10	0
1622	1	2	5	1	1	2	6	1	1	1
1623	0	1	0	0	1	0	7	0	0	0
1624	0	1	5	0	5	1	9	0	6	0
1625	2	3	5	0	1	2	7	0	5	2
1626	0	0	1	0	0	0	5	0	1	0
1627	3	3	2	0	0	1	6	0	0	0
1628	1	4	9	1	4	2	7	0	8	0
